volume	page	line	token_index	source_file	source_queue	source_token	suspected_marker_source	suspected_marker_target	suspected_direction	attached_token	normalized_attached_token_candidate	context_excerpt	zone	near_tibetan_script	near_transliteration	near_vgl	near_headword	candidate_family	confidence	suggested_action	notes
wts_9_m	10	30	1	wts_9_m_corrected_full.txt	corrected_text_scan	/	/	↑	upward	btsir	btsir	"pa dan / — btsir ba dag ""|wenn] die Se-"	german_prose_with_translit	0	1	0	0	standalone_marker_candidate	medium	source_image_review_needed	Standalone marker-like glyph near Wylie-looking text; exact correction requires source-image review.
wts_9_m	10	92	1	wts_9_m_corrected_full.txt	corrected_text_scan	/	/	↑	upward	lha	lha	kar du / lha gsegs ni Zal — 'tshol (metr.)	german_prose_with_translit	0	1	0	0	standalone_marker_candidate	medium	source_image_review_needed	Standalone marker-like glyph near Wylie-looking text; exact correction requires source-image review.
wts_9_m	17	60	2	wts_9_m_corrected_full.txt	corrected_text_scan	/	/	↑	upward	dan	dan	dan /rta dbyans dan / — dan / pha khol dani /	latin_other	0	1	0	0	standalone_marker_candidate	medium	source_image_review_needed	Standalone marker-like glyph near Wylie-looking text; exact correction requires source-image review.
wts_9_m	17	61	1	wts_9_m_corrected_full.txt	corrected_text_scan	/	/	↑	upward	chos	chos	lhub dka' dan / chos ldan rab 'byor dan / ma ti	latin_other	0	1	0	0	standalone_marker_candidate	medium	source_image_review_needed	Standalone marker-like glyph near Wylie-looking text; exact correction requires source-image review.
wts_9_m	19	33	1	wts_9_m_corrected_full.txt	corrected_text_scan	/	/	↑	upward	dge	dge	mthil gnas pa ltar / dge slonn — yis mthon	latin_other	0	1	0	0	standalone_marker_candidate	medium	source_image_review_needed	Standalone marker-like glyph near Wylie-looking text; exact correction requires source-image review.
wts_9_m	24	78	3	wts_9_m_corrected_full.txt	corrected_text_scan	/	/	↑	upward	dan	dan	ma /0/20/ dan / pha khol dan / thub dka' dani /	latin_other	0	1	0	0	standalone_marker_candidate	medium	source_image_review_needed	Standalone marker-like glyph near Wylie-looking text; exact correction requires source-image review.
wts_9_m	25	73	1	wts_9_m_corrected_full.txt	corrected_text_scan	/	/	↑	upward	gnas	gnas	bcom rnam thar debZin gsegs kyi — par / gnas	latin_other	0	1	0	0	standalone_marker_candidate	medium	source_image_review_needed	Standalone marker-like glyph near Wylie-looking text; exact correction requires source-image review.
wts_9_m	28	68	3	wts_9_m_corrected_full.txt	corrected_text_scan	/	/	↑	upward	mgo	mgo	"ni — g.yu miitsho gnas chen ñer /?2/""/ mgo /"	german_prose_with_translit	0	1	0	0	standalone_marker_candidate	medium	source_image_review_needed	Standalone marker-like glyph near Wylie-looking text; exact correction requires source-image review.
wts_9_m	29	19	2	wts_9_m_corrected_full.txt	corrected_text_scan	/	/	↑	upward	dan	dan	"Lex. ma ri /5/ dan — smig royu ""dom na ri"	german_prose_with_translit	0	1	0	0	standalone_marker_candidate	medium	source_image_review_needed	Standalone marker-like glyph near Wylie-looking text; exact correction requires source-image review.
wts_9_m	30	53	2	wts_9_m_corrected_full.txt	corrected_text_scan	/	/	↑	upward	de'i	de'i	2,14); käsa se na / dei bu ~ / de'i bu ra thī ka	german_prose_with_translit	0	1	1	0	standalone_marker_candidate	medium	source_image_review_needed	Standalone marker-like glyph near Wylie-looking text; exact correction requires source-image review.
wts_9_m	30	73	2	wts_9_m_corrected_full.txt	corrected_text_scan	/	/	↑	upward	dge	dge	za ma ma yin nam / — ma yin nam / dge	latin_other	0	1	0	0	standalone_marker_candidate	medium	source_image_review_needed	Standalone marker-like glyph near Wylie-looking text; exact correction requires source-image review.
wts_9_m	32	25	1	wts_9_m_corrected_full.txt	corrected_text_scan	/	/	↑	upward	ma'i	ma'i	Lex. )7/ ma'i chun ma'ah zer (brDa, ähnl.	german_prose_with_translit	0	1	0	0	standalone_marker_candidate	medium	source_image_review_needed	Standalone marker-like glyph near Wylie-looking text; exact correction requires source-image review.
wts_9_m	36	17	1	wts_9_m_corrected_full.txt	corrected_text_scan	/	/	↑	upward	brgyad	brgyad	"te / — brgyad la rjes su gtad nas ""Suvarna-"	german_prose_with_translit	0	1	0	0	standalone_marker_candidate	medium	source_image_review_needed	Standalone marker-like glyph near Wylie-looking text; exact correction requires source-image review.
wts_9_m	37	30	2	wts_9_m_corrected_full.txt	corrected_text_scan	/	/	↑	upward	tshanis	tshanis	te / — de dag kyani gari Ze na / tshanis pa mo	german_prose_with_translit	0	1	0	0	standalone_marker_candidate	medium	source_image_review_needed	Standalone marker-like glyph near Wylie-looking text; exact correction requires source-image review.
wts_9_m	38	20	1	wts_9_m_corrected_full.txt	corrected_text_scan	/	/	↑	upward	dan	dan	jug ma dan / — dan / mtshan mo dan ...	latin_other	0	1	0	0	standalone_marker_candidate	medium	source_image_review_needed	Standalone marker-like glyph near Wylie-looking text; exact correction requires source-image review.
wts_9_m	42	40	1	wts_9_m_corrected_full.txt	corrected_text_scan	/	/	↑	upward	chos	chos	dari ldan pa 'ba' zig tn yari — kyi / chos sgrogs	latin_other	0	1	0	0	standalone_marker_candidate	medium	source_image_review_needed	Standalone marker-like glyph near Wylie-looking text; exact correction requires source-image review.
wts_9_m	43	34	1	wts_9_m_corrected_full.txt	corrected_text_scan	/	/	↑	upward	dan	dan	yod pa der khan gsar dan / — dan / brag mgo	german_prose_with_translit	0	1	0	0	standalone_marker_candidate	medium	source_image_review_needed	Standalone marker-like glyph near Wylie-looking text; exact correction requires source-image review.
wts_9_m	43	53	1	wts_9_m_corrected_full.txt	corrected_text_scan	/	/	↑	upward	ma'i	ma'i	Lex. )7/ ma'i min (brDa, Dagy).	german_prose_with_translit	0	1	0	0	standalone_marker_candidate	medium	source_image_review_needed	Standalone marker-like glyph near Wylie-looking text; exact correction requires source-image review.
wts_9_m	44	30	5	wts_9_m_corrected_full.txt	corrected_text_scan	/	/	↑	upward	rgyal	rgyal	'ons dusna 6@ 77? / /)// khyod kyari / rgyal ba de	latin_other	0	1	0	0	standalone_marker_candidate	medium	source_image_review_needed	Standalone marker-like glyph near Wylie-looking text; exact correction requires source-image review.
wts_9_m	44	59	1	wts_9_m_corrected_full.txt	corrected_text_scan	/	/	↑	upward	chos	chos	"der / chos thams cad dar gyis ""mithilfe dieser"	german_prose_with_translit	0	1	0	0	standalone_marker_candidate	medium	source_image_review_needed	Standalone marker-like glyph near Wylie-looking text; exact correction requires source-image review.
wts_9_m	45	70	2	wts_9_m_corrected_full.txt	corrected_text_scan	/	/	↑	upward	tshan	tshan	Lex. Zan po (Dagy); ma 7// tshan mishuns =	german_prose_with_translit	0	1	0	0	standalone_marker_candidate	medium	source_image_review_needed	Standalone marker-like glyph near Wylie-looking text; exact correction requires source-image review.
wts_9_m	48	23	1	wts_9_m_corrected_full.txt	corrected_text_scan	Trgyal	T	↑	upward	rgyal	rgyal	3. Bez. für den Monat Trgyal; vgl. SCHUH	german_prose	0	1	1	0	ocr_prefix_T_upward_marker_candidate	medium	source_image_review_needed	Likely OCR substitute for an upward reference marker before Wylie-looking text; exact correction requires source-image review.
wts_9_m	48	58	1	wts_9_m_corrected_full.txt	corrected_text_scan	/	/	↑	upward	tshon	tshon	yul='i phyogs geig na / tshon dpon gyibulha	latin_other	0	1	0	0	standalone_marker_candidate	medium	source_image_review_needed	Standalone marker-like glyph near Wylie-looking text; exact correction requires source-image review.
wts_9_m	51	57	1	wts_9_m_corrected_full.txt	corrected_text_scan	/	/	↑	upward	rgyal	rgyal	"la / rgyal po bharthā ri byun ""in einer Familie,"	german_prose_with_translit	0	1	0	0	standalone_marker_candidate	medium	source_image_review_needed	Standalone marker-like glyph near Wylie-looking text; exact correction requires source-image review.
wts_9_m	53	73	3	wts_9_m_corrected_full.txt	corrected_text_scan	/	/	↑	upward	btsun	btsun	deya (1, ༡//) -nasbanrgan 'khrullam / btsun	tibetan_latin_mixed	1	1	0	0	standalone_marker_candidate	medium	source_image_review_needed	Standalone marker-like glyph near Wylie-looking text; exact correction requires source-image review.
wts_9_m	55	73	1	wts_9_m_corrected_full.txt	corrected_text_scan	Thal-mchog-glin	T	↑	upward	hal-mchog-glin	hal-mchog-glin	stod skyid-phug und Thal-mchog-glin (Neb	german_prose_with_translit	0	1	0	0	ocr_prefix_T_upward_marker_candidate	medium	source_image_review_needed	Likely OCR substitute for an upward reference marker before Wylie-looking text; exact correction requires source-image review.
wts_9_m	57	22	1	wts_9_m_corrected_full.txt	corrected_text_scan	Tdge	T	↑	upward	dge	dge	ka; vgl. Tdge 'dun phal chen.	german_prose_with_translit	0	1	1	0	ocr_prefix_T_upward_marker_candidate	medium	source_image_review_needed	Likely OCR substitute for an upward reference marker before Wylie-looking text; exact correction requires source-image review.
wts_9_m	57	30	2	wts_9_m_corrected_full.txt	corrected_text_scan	/	/	↑	upward	gtso	gtso	deyari rab gsal dan / — yisni / gtso bor dpal	latin_other	0	1	0	0	standalone_marker_candidate	medium	source_image_review_needed	Standalone marker-like glyph near Wylie-looking text; exact correction requires source-image review.
wts_9_m	58	9	1	wts_9_m_corrected_full.txt	corrected_text_scan	/	/	↑	upward	mkhris	mkhris	"mo' gein / mkhris bskyed (metr.) ""Kuhurin"	german_prose_with_translit	0	1	0	0	standalone_marker_candidate	medium	source_image_review_needed	Standalone marker-like glyph near Wylie-looking text; exact correction requires source-image review.
wts_9_m	64	57	2	wts_9_m_corrected_full.txt	corrected_text_scan	/	/	↑	upward	yan	yan	"der"" (KI ka 73b7); nun nu am / — yan run"	german_prose_with_translit	0	1	0	0	standalone_marker_candidate	medium	source_image_review_needed	Standalone marker-like glyph near Wylie-looking text; exact correction requires source-image review.
wts_9_m	66	32	1	wts_9_m_corrected_full.txt	corrected_text_scan	/	/	↑	upward	rgya	rgya	nag ston rur / rgya $0'// den pan dan / nol	german_prose_with_translit	0	1	0	0	standalone_marker_candidate	medium	source_image_review_needed	Standalone marker-like glyph near Wylie-looking text; exact correction requires source-image review.
wts_9_m	66	75	3	wts_9_m_corrected_full.txt	corrected_text_scan	/	/	↑	upward	rgya	rgya	"te / bur bsan / —""irgyal po zer te / rgya gar gyi"	latin_other	0	1	0	0	standalone_marker_candidate	medium	source_image_review_needed	Standalone marker-like glyph near Wylie-looking text; exact correction requires source-image review.
wts_9_m	67	55	4	wts_9_m_corrected_full.txt	corrected_text_scan	/	/	↑	upward	gza'	gza'	lha mthothorisnan btsan no / (Gl. la ///)? gza'	german_prose_with_translit	0	1	0	0	standalone_marker_candidate	medium	source_image_review_needed	Standalone marker-like glyph near Wylie-looking text; exact correction requires source-image review.
wts_9_m	67	75	1	wts_9_m_corrected_full.txt	corrected_text_scan	/	/	↑	upward	tshad	tshad	sgrub pa yan tshad ma man bas / tshad ma	latin_other	0	1	0	0	standalone_marker_candidate	medium	source_image_review_needed	Standalone marker-like glyph near Wylie-looking text; exact correction requires source-image review.
wts_9_m	68	32	1	wts_9_m_corrected_full.txt	corrected_text_scan	/	/	↑	upward	rgya	rgya	"ben"" (dPe 180,7); — dan / rgya gar du ... yi"	latin_other	0	1	1	0	standalone_marker_candidate	medium	source_image_review_needed	Standalone marker-like glyph near Wylie-looking text; exact correction requires source-image review.
wts_9_m	68	36	1	wts_9_m_corrected_full.txt	corrected_text_scan	/	/	↑	upward	sprin	sprin	dmar moi mehn stens su / — sprin chen gi	german_prose_with_translit	0	1	0	0	standalone_marker_candidate	medium	source_image_review_needed	Standalone marker-like glyph near Wylie-looking text; exact correction requires source-image review.
wts_9_m	68	37	1	wts_9_m_corrected_full.txt	corrected_text_scan	/	/	↑	upward	gtsug	gtsug	gtsug lag (khari) dari / gtsug tor las byuni ba'i	latin_other	0	1	0	0	standalone_marker_candidate	medium	source_image_review_needed	Standalone marker-like glyph near Wylie-looking text; exact correction requires source-image review.
wts_9_m	68	50	1	wts_9_m_corrected_full.txt	corrected_text_scan	/	/	↑	upward	lha	lha	kha ru / lha srin sde brgyad skuris kha btsugs	latin_other	0	1	0	0	standalone_marker_candidate	medium	source_image_review_needed	Standalone marker-like glyph near Wylie-looking text; exact correction requires source-image review.
wts_9_m	70	45	2	wts_9_m_corrected_full.txt	corrected_text_scan	/	/	↑	upward	'tsho	'tsho	"ren"" (PT1287 175); — gis bskal sogs / 'tsho"	latin_other	0	1	1	0	standalone_marker_candidate	medium	source_image_review_needed	Standalone marker-like glyph near Wylie-looking text; exact correction requires source-image review.
wts_9_m	71	51	1	wts_9_m_corrected_full.txt	corrected_text_scan	/	/	↑	upward	lta	lta	"cin / lta baston pa'i gZun ... — sogs dan ""in der"	german_prose_with_translit	0	1	0	0	standalone_marker_candidate	medium	source_image_review_needed	Standalone marker-like glyph near Wylie-looking text; exact correction requires source-image review.
wts_9_m	72	11	1	wts_9_m_corrected_full.txt	corrected_text_scan	/	/	↑	upward	btsun	btsun	yan chad la / btsun mo bdun cu don lṅa yod	latin_other	0	1	0	0	standalone_marker_candidate	medium	source_image_review_needed	Standalone marker-like glyph near Wylie-looking text; exact correction requires source-image review.
wts_9_m	73	32	3	wts_9_m_corrected_full.txt	corrected_text_scan	/	/	↑	upward	rgyan	rgyan	man 'ji bum pa ma dal rdzas / sa 07/?/ rgyan	latin_other	0	1	0	0	standalone_marker_candidate	medium	source_image_review_needed	Standalone marker-like glyph near Wylie-looking text; exact correction requires source-image review.
wts_9_m	75	13	1	wts_9_m_corrected_full.txt	corrected_text_scan	/	/	↑	upward	dan	dan	dan dun dan / — dan byi ru dan ¿//?/// dan	latin_other	0	1	0	0	standalone_marker_candidate	medium	source_image_review_needed	Standalone marker-like glyph near Wylie-looking text; exact correction requires source-image review.
wts_9_m	75	13	6	wts_9_m_corrected_full.txt	corrected_text_scan	/	/	↑	upward	dan	dan	dan dun dan / — dan byi ru dan ¿//?/// dan	latin_other	0	1	0	0	standalone_marker_candidate	medium	source_image_review_needed	Standalone marker-like glyph near Wylie-looking text; exact correction requires source-image review.
wts_9_m	75	67	3	wts_9_m_corrected_full.txt	corrected_text_scan	/	/	↑	upward	dan	dan	"Mandala"" (Padm 28724); 9.3/// dan mu men"	german_prose_with_translit	0	1	1	0	standalone_marker_candidate	medium	source_image_review_needed	Standalone marker-like glyph near Wylie-looking text; exact correction requires source-image review.
wts_9_m	76	6	2	wts_9_m_corrected_full.txt	corrected_text_scan	Inas	I	↑	upward	nas	nas	ma'i sa las ma 'dal dan / sa tshon sna Inas	german_prose_with_translit	0	1	0	0	ocr_prefix_I_upward_marker_candidate	medium	source_image_review_needed	Likely OCR substitute for an upward reference marker before Wylie-looking text; exact correction requires source-image review.
wts_9_m	78	7	5	wts_9_m_corrected_full.txt	corrected_text_scan	/	/	↑	upward	ba'i	ba'i	sin thog la /////? ba'i lta staris byas pas — Ihn	latin_other	0	1	0	0	standalone_marker_candidate	medium	source_image_review_needed	Standalone marker-like glyph near Wylie-looking text; exact correction requires source-image review.
wts_9_m	78	60	1	wts_9_m_corrected_full.txt	corrected_text_scan	/	/	↑	upward	dbya'	dbya'	than gi rgyal ba gsum bya ba / dbya' btsun	latin_other	0	1	0	0	standalone_marker_candidate	medium	source_image_review_needed	Standalone marker-like glyph near Wylie-looking text; exact correction requires source-image review.
wts_9_m	78	62	1	wts_9_m_corrected_full.txt	corrected_text_scan	/	/	↑	upward	btsun	btsun	"ba / — btsun royal ba'o ""die mkhan-bu des"	german_prose_with_translit	0	1	0	0	standalone_marker_candidate	medium	source_image_review_needed	Standalone marker-like glyph near Wylie-looking text; exact correction requires source-image review.
wts_9_m	78	65	1	wts_9_m_corrected_full.txt	corrected_text_scan	Tshur-btsun	T	↑	upward	shur-btsun	shur-btsun	mchog rgyal-ba, m'Tshur-btsun rgyal-ba und	german_prose_with_translit	0	1	0	0	ocr_prefix_T_upward_marker_candidate	medium	source_image_review_needed	Likely OCR substitute for an upward reference marker before Wylie-looking text; exact correction requires source-image review.
wts_9_m	80	55	1	wts_9_m_corrected_full.txt	corrected_text_scan	/	/	↑	upward	rgya	rgya	gzus nas — / rgya 'dul ba 'dzin pa'i slob ma	latin_other	0	1	0	0	standalone_marker_candidate	medium	source_image_review_needed	Standalone marker-like glyph near Wylie-looking text; exact correction requires source-image review.
wts_9_m	83	45	1	wts_9_m_corrected_full.txt	corrected_text_scan	/	/	↑	upward	yan	yan	ltar — ran gi drws / yan dag gsal bar byed	latin_other	0	1	0	0	standalone_marker_candidate	medium	source_image_review_needed	Standalone marker-like glyph near Wylie-looking text; exact correction requires source-image review.
wts_9_m	84	76	1	wts_9_m_corrected_full.txt	corrected_text_scan	/	/	↑	upward	rgyal	rgyal	ga' Ziggi — yin zer mod / rgyal ba bskal bzan	german_prose_with_translit	0	1	0	0	standalone_marker_candidate	medium	source_image_review_needed	Standalone marker-like glyph near Wylie-looking text; exact correction requires source-image review.
wts_9_m	85	19	1	wts_9_m_corrected_full.txt	corrected_text_scan	Idan	I	↑	upward	dan	dan	yul blo-Idan hörte er geheime Mantras, er	german_prose_with_translit	0	1	0	0	ocr_prefix_I_upward_marker_candidate	medium	source_image_review_needed	Likely OCR substitute for an upward reference marker before Wylie-looking text; exact correction requires source-image review.
wts_9_m	86	63	2	wts_9_m_corrected_full.txt	corrected_text_scan	/	/	↑	upward	sgrol	sgrol	de'i slob ma ~s / bdemchogdan / sgrol ma ñi	latin_other	0	1	1	0	standalone_marker_candidate	medium	source_image_review_needed	Standalone marker-like glyph near Wylie-looking text; exact correction requires source-image review.
wts_9_m	87	13	2	wts_9_m_corrected_full.txt	corrected_text_scan	/	/	↑	upward	gzi	gzi	nas / rdo rje bsnun pas / gzi chen gyis khye'u	german_prose_with_translit	0	1	0	0	standalone_marker_candidate	medium	source_image_review_needed	Standalone marker-like glyph near Wylie-looking text; exact correction requires source-image review.
wts_9_m	87	14	3	wts_9_m_corrected_full.txt	corrected_text_scan	/	/	↑	upward	sprulnas	sprulnas	"cig /// sprulnas ""Mal-gro gZi-chen war durch"	german_prose_with_translit	0	1	0	0	standalone_marker_candidate	medium	source_image_review_needed	Standalone marker-like glyph near Wylie-looking text; exact correction requires source-image review.
wts_9_m	87	50	1	wts_9_m_corrected_full.txt	corrected_text_scan	/	/	↑	upward	gzan	gzan	"Lex. )77/ gzan mal gos yo byad ""Bettdecke,"	german_prose	0	1	0	0	standalone_marker_candidate	medium	source_image_review_needed	Standalone marker-like glyph near Wylie-looking text; exact correction requires source-image review.
wts_9_m	89	36	1	wts_9_m_corrected_full.txt	corrected_text_scan	/	/	↑	upward	lta	lta	"19); spyod pa ni — 'dzegs Sig / lta ba ni yas dan 'grogs pas ""die Rsis erteilten ihnen die"	german_prose_with_translit	0	1	1	0	standalone_marker_candidate	medium	source_image_review_needed	Standalone marker-like glyph near Wylie-looking text; exact correction requires source-image review.
wts_9_m	90	31	3	wts_9_m_corrected_full.txt	corrected_text_scan	/	/	↑	upward	snan	snan	"kyi bar na dud rdul mi ??/7// snan ""kein Rauch"	german_prose_with_translit	0	1	0	0	standalone_marker_candidate	medium	source_image_review_needed	Standalone marker-like glyph near Wylie-looking text; exact correction requires source-image review.
wts_9_m	92	63	1	wts_9_m_corrected_full.txt	corrected_text_scan	/	/	↑	upward	rgyus	rgyus	khab kyis ni ma pug na / rgyus kyis ni re myi	latin_other	0	1	0	0	standalone_marker_candidate	medium	source_image_review_needed	Standalone marker-like glyph near Wylie-looking text; exact correction requires source-image review.
wts_9_m	94	9	1	wts_9_m_corrected_full.txt	corrected_text_scan	/	/	↑	upward	rgyal	rgyal	"bita bar /?% rgyal spons Sig ""gib ohne es an-"	german_prose_with_translit	0	1	0	0	standalone_marker_candidate	medium	source_image_review_needed	Standalone marker-like glyph near Wylie-looking text; exact correction requires source-image review.
wts_9_m	95	83	1	wts_9_m_corrected_full.txt	corrected_text_scan	/	/	↑	upward	lha	lha	dwags byol son dan / lha dar lha min — mams	latin_other	0	1	0	0	standalone_marker_candidate	medium	source_image_review_needed	Standalone marker-like glyph near Wylie-looking text; exact correction requires source-image review.
wts_9_m	96	23	1	wts_9_m_corrected_full.txt	corrected_text_scan	/	/	↑	upward	rgyal	rgyal	"Leuten Gold mit"" (Bu-śz 86,2); ~""/ rgyal"	german_prose_with_translit	0	1	1	0	standalone_marker_candidate	medium	source_image_review_needed	Standalone marker-like glyph near Wylie-looking text; exact correction requires source-image review.
wts_9_m	96	78	1	wts_9_m_corrected_full.txt	corrected_text_scan	/	/	↑	upward	lha	lha	la(s) grol ba dan / lha la(s) — ru chad pa	latin_other	0	1	0	0	standalone_marker_candidate	medium	source_image_review_needed	Standalone marker-like glyph near Wylie-looking text; exact correction requires source-image review.
wts_9_m	100	20	1	wts_9_m_corrected_full.txt	corrected_text_scan	/	/	↑	upward	tshwa	tshwa	"g.yer ma / tshwa / zwa tshod sogs ""Substan-"	german_prose_with_translit	0	1	0	0	standalone_marker_candidate	medium	source_image_review_needed	Standalone marker-like glyph near Wylie-looking text; exact correction requires source-image review.
wts_9_m	100	52	1	wts_9_m_corrected_full.txt	corrected_text_scan	/	/	↑	upward	gnas	gnas	ji sñed skye ba' Siri rta nam du yati / ~ gnas	german_prose_with_translit	0	1	1	0	standalone_marker_candidate	medium	source_image_review_needed	Standalone marker-like glyph near Wylie-looking text; exact correction requires source-image review.
wts_9_m	100	57	1	wts_9_m_corrected_full.txt	corrected_text_scan	/	/	↑	upward	bstan	bstan	phonis kyi las la yens nas / bstan pa'! bon ñan	latin_other	0	1	0	0	standalone_marker_candidate	medium	source_image_review_needed	Standalone marker-like glyph near Wylie-looking text; exact correction requires source-image review.
wts_9_m	101	25	4	wts_9_m_corrected_full.txt	corrected_text_scan	/	/	↑	upward	nas	nas	"mi yi /0ཉ7)/// nas phud (metr.) ""er wurde aus"	tibetan_latin_mixed	1	1	0	0	standalone_marker_candidate	medium	source_image_review_needed	Standalone marker-like glyph near Wylie-looking text; exact correction requires source-image review.
wts_9_m	101	57	1	wts_9_m_corrected_full.txt	corrected_text_scan	/	/	↑	upward	lhag	lhag	30.2); dge slor ... byis pa — / lhag pa'i na	latin_other	0	1	1	0	standalone_marker_candidate	medium	source_image_review_needed	Standalone marker-like glyph near Wylie-looking text; exact correction requires source-image review.
wts_9_m	103	12	1	wts_9_m_corrected_full.txt	corrected_text_scan	/	/	↑	upward	dge	dge	mi dge las beu sparis nas su / dge ba bceu po	latin_other	0	1	0	0	standalone_marker_candidate	medium	source_image_review_needed	Standalone marker-like glyph near Wylie-looking text; exact correction requires source-image review.
wts_9_m	103	65	2	wts_9_m_corrected_full.txt	corrected_text_scan	/	/	↑	upward	'dra'i	'dra'i	"hat"" (Kdsg 38,4); '¿// 'dra'i rten 'brel mi son"	german_prose_with_translit	0	1	1	0	standalone_marker_candidate	medium	source_image_review_needed	Standalone marker-like glyph near Wylie-looking text; exact correction requires source-image review.
wts_9_m	103	84	2	wts_9_m_corrected_full.txt	corrected_text_scan	/	/	↑	upward	si'i	si'i	"~ /7/ si'i phyed kyis brgyan (metr.) ""er ist"	german_prose_with_translit	0	1	1	0	standalone_marker_candidate	medium	source_image_review_needed	Standalone marker-like glyph near Wylie-looking text; exact correction requires source-image review.
wts_9_m	105	8	4	wts_9_m_corrected_full.txt	corrected_text_scan	/	/	↑	upward	dbyibs	dbyibs	"dan glin //7// dbyibs su gnas pa ""der glorrei-"	german_prose_with_translit	0	1	0	0	standalone_marker_candidate	medium	source_image_review_needed	Standalone marker-like glyph near Wylie-looking text; exact correction requires source-image review.
wts_9_m	105	69	4	wts_9_m_corrected_full.txt	corrected_text_scan	/	/	↑	upward	rgynd	rgynd	mi brgyud auch mi roynd, ༡///7/ rgynd	example_tibetan_latin	1	1	0	0	standalone_marker_candidate	medium	source_image_review_needed	Standalone marker-like glyph near Wylie-looking text; exact correction requires source-image review.
wts_9_m	106	10	2	wts_9_m_corrected_full.txt	corrected_text_scan	/	/	↑	upward	gnas	gnas	56,28); rtsa 7-/ '/ gnas bsrun mia' 'gro ma yin	latin_other	0	1	1	0	standalone_marker_candidate	medium	source_image_review_needed	Standalone marker-like glyph near Wylie-looking text; exact correction requires source-image review.
wts_9_m	107	48	2	wts_9_m_corrected_full.txt	corrected_text_scan	/	/	↑	upward	dan	dan	10); sku la $77//?? dan sbrib skyems (r. skyem)	latin_other	0	1	1	0	standalone_marker_candidate	medium	source_image_review_needed	Standalone marker-like glyph near Wylie-looking text; exact correction requires source-image review.
wts_9_m	109	26	1	wts_9_m_corrected_full.txt	corrected_text_scan	/	/	↑	upward	mgos	mgos	rgyalpo la / ~ mgos (r.mgo ) byas pa'! (metr.)	latin_other	0	1	1	0	standalone_marker_candidate	medium	source_image_review_needed	Standalone marker-like glyph near Wylie-looking text; exact correction requires source-image review.
wts_9_m	112	67	1	wts_9_m_corrected_full.txt	corrected_text_scan	/rgya	/	↑	upward	rgya	rgya	"ñag-ga"" (Debm 1426); Sartsonkha/rgya ~la"	german_prose_with_translit	0	1	1	0	ocr_prefix_slash_marker_candidate	medium	source_image_review_needed	Likely OCR substitute for an upward reference marker before Wylie-looking text; exact correction requires source-image review.
wts_9_m	113	63	1	wts_9_m_corrected_full.txt	corrected_text_scan	/	/	↑	upward	gtso	gtso	tan mñam gnas ni / gtso bo Zes byar rab brjod	german_prose_with_translit	0	1	0	0	standalone_marker_candidate	medium	source_image_review_needed	Standalone marker-like glyph near Wylie-looking text; exact correction requires source-image review.
wts_9_m	114	22	1	wts_9_m_corrected_full.txt	corrected_text_scan	/	/	↑	upward	yani	yani	grogs po phan par 'dod pa'i tshig / — yani	latin_other	0	1	0	0	standalone_marker_candidate	medium	source_image_review_needed	Standalone marker-like glyph near Wylie-looking text; exact correction requires source-image review.
wts_9_m	115	51	1	wts_9_m_corrected_full.txt	corrected_text_scan	/	/	↑	upward	dan	dan	"royal ""bans rgod do 'tshald / dan ston mriam"	latin_other	0	1	0	0	standalone_marker_candidate	medium	source_image_review_needed	Standalone marker-like glyph near Wylie-looking text; exact correction requires source-image review.
wts_9_m	115	72	1	wts_9_m_corrected_full.txt	corrected_text_scan	/	/	↑	upward	yan	yan	dpal 'di ... g.yo ba'i sin / — yan ... yun rin	latin_other	0	1	0	0	standalone_marker_candidate	medium	source_image_review_needed	Standalone marker-like glyph near Wylie-looking text; exact correction requires source-image review.
wts_9_m	115	79	1	wts_9_m_corrected_full.txt	corrected_text_scan	/	/	↑	upward	dan	dan	pa dan / — dan / skad cig mar 'jig pa /7/¿/ du	latin_other	0	1	0	0	standalone_marker_candidate	medium	source_image_review_needed	Standalone marker-like glyph near Wylie-looking text; exact correction requires source-image review.
wts_9_m	118	32	1	wts_9_m_corrected_full.txt	corrected_text_scan	/	/	↑	upward	dan	dan	mi che ba dan / — dan / gya nom snani dani ...	latin_other	0	1	0	0	standalone_marker_candidate	medium	source_image_review_needed	Standalone marker-like glyph near Wylie-looking text; exact correction requires source-image review.
wts_9_m	119	80	1	wts_9_m_corrected_full.txt	corrected_text_scan	/	/	↑	upward	lha	lha	"dbus gtsaṅ gi — dan / lha sde rnams ""die"	german_prose_with_translit	0	1	0	0	standalone_marker_candidate	medium	source_image_review_needed	Standalone marker-like glyph near Wylie-looking text; exact correction requires source-image review.
wts_9_m	123	38	1	wts_9_m_corrected_full.txt	corrected_text_scan	/	/	↑	upward	skra'i	skra'i	pham źes bya ba ni ran gi min yin la / skra'i	latin_other	0	1	0	0	standalone_marker_candidate	medium	source_image_review_needed	Standalone marker-like glyph near Wylie-looking text; exact correction requires source-image review.
wts_9_m	124	34	1	wts_9_m_corrected_full.txt	corrected_text_scan	/	/	↑	upward	gans	gans	gnas brtan bcu drug gis skyon ste / gans	latin_other	0	1	0	0	standalone_marker_candidate	medium	source_image_review_needed	Standalone marker-like glyph near Wylie-looking text; exact correction requires source-image review.
wts_9_m	125	39	1	wts_9_m_corrected_full.txt	corrected_text_scan	/	/	↑	upward	tshar	tshar	mi yi dbaṅ po ... sers / tshar gcad nus pa ma	latin_other	0	1	0	0	standalone_marker_candidate	medium	source_image_review_needed	Standalone marker-like glyph near Wylie-looking text; exact correction requires source-image review.
wts_9_m	126	37	1	wts_9_m_corrected_full.txt	corrected_text_scan	/	/	↑	upward	dpani	dpani	myi ma yin pa thams cad kyari / dpani du	latin_other	0	1	0	0	standalone_marker_candidate	medium	source_image_review_needed	Standalone marker-like glyph near Wylie-looking text; exact correction requires source-image review.
wts_9_m	126	44	1	wts_9_m_corrected_full.txt	corrected_text_scan	/	/	↑	upward	lha	lha	dan / lha ma yin dan / nam mkha' ldin daṅ į	latin_other	0	1	0	0	standalone_marker_candidate	medium	source_image_review_needed	Standalone marker-like glyph near Wylie-looking text; exact correction requires source-image review.
wts_9_m	126	45	1	wts_9_m_corrected_full.txt	corrected_text_scan	/	/	↑	upward	lto	lto	mi'am ci dan / lto 'phye chen po daṅ / m	german_prose_with_translit	0	1	0	0	standalone_marker_candidate	medium	source_image_review_needed	Standalone marker-like glyph near Wylie-looking text; exact correction requires source-image review.
wts_9_m	126	61	1	wts_9_m_corrected_full.txt	corrected_text_scan	/	/	↑	upward	chos	chos	— man po la phan thogs / chos bśad / sdom	latin_other	0	1	0	0	standalone_marker_candidate	medium	source_image_review_needed	Standalone marker-like glyph near Wylie-looking text; exact correction requires source-image review.
wts_9_m	127	10	1	wts_9_m_corrected_full.txt	corrected_text_scan	/	/	↑	upward	rgyani	rgyani	po gsad pa'i sdig bsegs (r. bsags) su / rgyani	latin_other	0	1	0	0	standalone_marker_candidate	medium	source_image_review_needed	Standalone marker-like glyph near Wylie-looking text; exact correction requires source-image review.
wts_9_m	129	10	1	wts_9_m_corrected_full.txt	corrected_text_scan	/	/	↑	upward	sna	sna	7235); ger gi bum pa ciggi nani du / — sna	latin_other	0	1	1	0	standalone_marker_candidate	medium	source_image_review_needed	Standalone marker-like glyph near Wylie-looking text; exact correction requires source-image review.
wts_9_m	131	13	1	wts_9_m_corrected_full.txt	corrected_text_scan	/	/	↑	upward	sgra	sgra	ran nas 'phog pa daṅ / sgra grag par 'phog	latin_other	0	1	0	0	standalone_marker_candidate	medium	source_image_review_needed	Standalone marker-like glyph near Wylie-looking text; exact correction requires source-image review.
wts_9_m	131	14	2	wts_9_m_corrected_full.txt	corrected_text_scan	/	/	↑	upward	dan	dan	pa dan / gnad du 'phog pa dari / — dan /	latin_other	0	1	0	0	standalone_marker_candidate	medium	source_image_review_needed	Standalone marker-like glyph near Wylie-looking text; exact correction requires source-image review.
wts_9_m	132	60	1	wts_9_m_corrected_full.txt	corrected_text_scan	/	/	↑	upward	dan	dan	ba'irgyu dag la / dan blaris don du grier byed	latin_other	0	1	0	0	standalone_marker_candidate	medium	source_image_review_needed	Standalone marker-like glyph near Wylie-looking text; exact correction requires source-image review.
wts_9_m	133	17	1	wts_9_m_corrected_full.txt	corrected_text_scan	Igani	I	↑	upward	gani	gani	141); chn so Igani pa'i kha — par na 2/??	german_prose_with_translit	0	1	1	0	ocr_prefix_I_upward_marker_candidate	medium	source_image_review_needed	Likely OCR substitute for an upward reference marker before Wylie-looking text; exact correction requires source-image review.
wts_9_m	133	28	1	wts_9_m_corrected_full.txt	corrected_text_scan	/	/	↑	upward	mchil	mchil	7077 ??70)75 Ra pas btab pa yi / mchil pa 'di ni	latin_other	0	1	1	0	standalone_marker_candidate	medium	source_image_review_needed	Standalone marker-like glyph near Wylie-looking text; exact correction requires source-image review.
wts_9_m	135	10	2	wts_9_m_corrected_full.txt	corrected_text_scan	/	/	↑	upward	chos	chos	"""mi ༡// chos can"	tibetan_latin_mixed	1	1	0	0	standalone_marker_candidate	medium	source_image_review_needed	Standalone marker-like glyph near Wylie-looking text; exact correction requires source-image review.
wts_9_m	135	90	1	wts_9_m_corrected_full.txt	corrected_text_scan	/	/	↑	upward	lha	lha	ña 077 bisan po myi yul gi rjer / lha ri gani	latin_other	0	1	0	0	standalone_marker_candidate	medium	source_image_review_needed	Standalone marker-like glyph near Wylie-looking text; exact correction requires source-image review.
wts_9_m	137	5	4	wts_9_m_corrected_full.txt	corrected_text_scan	/	/	↑	upward	nan	nan	"Lex. bka' gdams lha //2/'/ nan tshan Zig ""ei-"	german_prose_with_translit	0	1	0	0	standalone_marker_candidate	medium	source_image_review_needed	Standalone marker-like glyph near Wylie-looking text; exact correction requires source-image review.
wts_9_m	137	39	1	wts_9_m_corrected_full.txt	corrected_text_scan	/	/	↑	upward	rgyal	rgyal	rgal brgyud — beu güüis kyii bar du / rgyal sa	german_prose_with_translit	0	1	0	0	standalone_marker_candidate	medium	source_image_review_needed	Standalone marker-like glyph near Wylie-looking text; exact correction requires source-image review.
wts_9_m	137	75	1	wts_9_m_corrected_full.txt	corrected_text_scan	/	/	↑	upward	rgya	rgya	dar mon dan / rgya gar dan / bal po dan /	latin_other	0	1	0	0	standalone_marker_candidate	medium	source_image_review_needed	Standalone marker-like glyph near Wylie-looking text; exact correction requires source-image review.
wts_9_m	138	25	2	wts_9_m_corrected_full.txt	corrected_text_scan	/	/	↑	upward	dan	dan	"770?// dan dnans rigs bZi ""Brahmanen, Ksa-"	german_prose_with_translit	0	1	0	0	standalone_marker_candidate	medium	source_image_review_needed	Standalone marker-like glyph near Wylie-looking text; exact correction requires source-image review.
wts_9_m	138	27	3	wts_9_m_corrected_full.txt	corrected_text_scan	/	/	↑	upward	rje	rje	— /2/ = royal rigs / rje rigs / bram ze'i rigs /	latin_other	0	1	0	0	standalone_marker_candidate	medium	source_image_review_needed	Standalone marker-like glyph near Wylie-looking text; exact correction requires source-image review.
wts_9_m	140	25	1	wts_9_m_corrected_full.txt	corrected_text_scan	/	/	↑	upward	rje	rje	34,20); grub thob na ro bon chun dan / rje	latin_other	0	1	1	0	standalone_marker_candidate	medium	source_image_review_needed	Standalone marker-like glyph near Wylie-looking text; exact correction requires source-image review.
wts_9_m	140	30	1	wts_9_m_corrected_full.txt	corrected_text_scan	/	/	↑	upward	sgrub	sgrub	"bare Höhle"" (Ganisri 480,4); ~-""/ sgrub gnas"	german_prose_with_translit	0	1	1	0	standalone_marker_candidate	medium	source_image_review_needed	Standalone marker-like glyph near Wylie-looking text; exact correction requires source-image review.
wts_9_m	140	81	1	wts_9_m_corrected_full.txt	corrected_text_scan	Iyan	I	↑	upward	yan	yan	1. Bez. für die Gliedmaßen (vgl. Iyan lag)	german_prose	0	0	1	0	ocr_prefix_I_upward_marker_candidate	medium	source_image_review_needed	Likely OCR substitute for an upward reference marker before Wylie-looking text; exact correction requires source-image review.
wts_9_m	142	20	1	wts_9_m_corrected_full.txt	corrected_text_scan	/	/	↑	upward	gzod	gzod	(gZer 653,2); khyod la rdzun zer na / gzod	latin_other	0	1	1	0	standalone_marker_candidate	medium	source_image_review_needed	Standalone marker-like glyph near Wylie-looking text; exact correction requires source-image review.
wts_9_m	144	32	1	wts_9_m_corrected_full.txt	corrected_text_scan	/	/	↑	upward	nan	nan	rnams kun la —'i / nan pa rnams ni ... brlag	latin_other	0	1	0	0	standalone_marker_candidate	medium	source_image_review_needed	Standalone marker-like glyph near Wylie-looking text; exact correction requires source-image review.
wts_9_m	151	44	3	wts_9_m_corrected_full.txt	corrected_text_scan	/	/	↑	upward	nas	nas	'dul ba' ///)? nas bsad pa'i khari pa — byas	latin_other	0	1	0	0	standalone_marker_candidate	medium	source_image_review_needed	Standalone marker-like glyph near Wylie-looking text; exact correction requires source-image review.
wts_9_m	154	47	1	wts_9_m_corrected_full.txt	corrected_text_scan	/	/	↑	upward	lta	lta	mdo/ lta ba ~ mig rno yaṅ ... khyodgyisgana	latin_other	0	1	1	0	standalone_marker_candidate	medium	source_image_review_needed	Standalone marker-like glyph near Wylie-looking text; exact correction requires source-image review.
wts_9_m	154	58	1	wts_9_m_corrected_full.txt	corrected_text_scan	/	/	↑	upward	sna	sna	srag gsum ni / sna Ipags (mychu Ipags ~	german_prose_with_translit	0	1	1	0	standalone_marker_candidate	medium	source_image_review_needed	Standalone marker-like glyph near Wylie-looking text; exact correction requires source-image review.
wts_9_m	155	54	1	wts_9_m_corrected_full.txt	corrected_text_scan	/	/	↑	upward	gnas	gnas	dag tu ni / gnas m grüs 0/7/5 dag tu rtsub (r.	german_prose_with_translit	0	1	0	0	standalone_marker_candidate	medium	source_image_review_needed	Standalone marker-like glyph near Wylie-looking text; exact correction requires source-image review.
wts_9_m	160	16	2	wts_9_m_corrected_full.txt	corrected_text_scan	/	/	↑	upward	gzugs	gzugs	rmi lam dan / — dari / gzugs brrian dan ...	latin_other	0	1	0	0	standalone_marker_candidate	medium	source_image_review_needed	Standalone marker-like glyph near Wylie-looking text; exact correction requires source-image review.
wts_9_m	160	20	3	wts_9_m_corrected_full.txt	corrected_text_scan	/	/	↑	upward	ma'i	ma'i	dan smigrgyu dan $,07/// ma'i pha rol tu phyin	latin_other	0	1	0	0	standalone_marker_candidate	medium	source_image_review_needed	Standalone marker-like glyph near Wylie-looking text; exact correction requires source-image review.
wts_9_m	160	51	1	wts_9_m_corrected_full.txt	corrected_text_scan	Tspyan	T	↑	upward	spyan	spyan	anschauen; vgl. Tspyan ras.	german_prose_with_translit	0	1	1	0	ocr_prefix_T_upward_marker_candidate	medium	source_image_review_needed	Likely OCR substitute for an upward reference marker before Wylie-looking text; exact correction requires source-image review.
wts_9_m	162	53	1	wts_9_m_corrected_full.txt	corrected_text_scan	/	/	↑	upward	karpo'i	karpo'i	"gcen rgyal po / karpo'i myin myi rlag par ""da"	latin_other	0	1	0	0	standalone_marker_candidate	medium	source_image_review_needed	Standalone marker-like glyph near Wylie-looking text; exact correction requires source-image review.
wts_9_m	162	74	1	wts_9_m_corrected_full.txt	corrected_text_scan	/	/	↑	upward	ran	ran	mtsho cher phyin na / ran gi — yani mi glei	latin_other	0	1	0	0	standalone_marker_candidate	medium	source_image_review_needed	Standalone marker-like glyph near Wylie-looking text; exact correction requires source-image review.
wts_9_m	163	32	1	wts_9_m_corrected_full.txt	corrected_text_scan	/	/	↑	upward	dan	dan	12.24); yige bam ni bsgrub bya yi / — dan	latin_other	0	1	1	0	standalone_marker_candidate	medium	source_image_review_needed	Standalone marker-like glyph near Wylie-looking text; exact correction requires source-image review.
wts_9_m	163	91	4	wts_9_m_corrected_full.txt	corrected_text_scan	/	/	↑	upward	tshad	tshad	nam ni skar ma lta /?//'/ tshad kyi — yin pa	latin_other	0	1	0	0	standalone_marker_candidate	medium	source_image_review_needed	Standalone marker-like glyph near Wylie-looking text; exact correction requires source-image review.
wts_9_m	164	58	1	wts_9_m_corrected_full.txt	corrected_text_scan	/	/	↑	upward	yani	yani	rag Sis sdom pa phob nas / — yani blo gros	german_prose_with_translit	0	1	0	0	standalone_marker_candidate	medium	source_image_review_needed	Standalone marker-like glyph near Wylie-looking text; exact correction requires source-image review.
wts_9_m	164	62	1	wts_9_m_corrected_full.txt	corrected_text_scan	/	/	↑	upward	gtsug	gtsug	ba 'dren pa la / gtsug lag — du btags pa	latin_other	0	1	0	0	standalone_marker_candidate	medium	source_image_review_needed	Standalone marker-like glyph near Wylie-looking text; exact correction requires source-image review.
wts_9_m	169	77	1	wts_9_m_corrected_full.txt	corrected_text_scan	/	/	↑	upward	dge	dge	byun ste / dge bsrien ga' Zig mi — / maṅ po	german_prose_with_translit	0	1	0	0	standalone_marker_candidate	medium	source_image_review_needed	Standalone marker-like glyph near Wylie-looking text; exact correction requires source-image review.
wts_9_m	171	50	1	wts_9_m_corrected_full.txt	corrected_text_scan	/	/	↑	upward	rgyan	rgyan	ma yin / rgyan yani de 'dra yod — te (metr.)	latin_other	0	1	0	0	standalone_marker_candidate	medium	source_image_review_needed	Standalone marker-like glyph near Wylie-looking text; exact correction requires source-image review.
wts_9_m	172	35	1	wts_9_m_corrected_full.txt	corrected_text_scan	/	/	↑	upward	yan	yan	༼ bsdus — rgyas — par / yan lag brgyad pa'i	headword_line	1	1	0	0	standalone_marker_candidate	medium	source_image_review_needed	Standalone marker-like glyph near Wylie-looking text; exact correction requires source-image review.
wts_9_m	175	4	1	wts_9_m_corrected_full.txt	corrected_text_scan	/	/	↑	upward	lto	lto	mi am ci mams dan / lto 'phye chen po rnams	german_prose_with_translit	0	1	0	0	standalone_marker_candidate	medium	source_image_review_needed	Standalone marker-like glyph near Wylie-looking text; exact correction requires source-image review.
wts_9_m	175	11	1	wts_9_m_corrected_full.txt	corrected_text_scan	/	/	↑	upward	dan	dan	dan / — dan / lo 'phye chen po dan / mi	german_prose_with_translit	0	1	0	0	standalone_marker_candidate	medium	source_image_review_needed	Standalone marker-like glyph near Wylie-looking text; exact correction requires source-image review.
wts_9_m	175	18	3	wts_9_m_corrected_full.txt	corrected_text_scan	/	/	↑	upward	spyod	spyod	"mtho ris su /// spyod byed pa (metr.) ""sie zie-"	latin_other	0	1	0	0	standalone_marker_candidate	medium	source_image_review_needed	Standalone marker-like glyph near Wylie-looking text; exact correction requires source-image review.
wts_9_m	175	58	2	wts_9_m_corrected_full.txt	corrected_text_scan	/	/	↑	upward	rgyal	rgyal	Lex. mi'ami / / rgyal po = ljon pa rta mgo can	german_prose_with_translit	0	1	0	0	standalone_marker_candidate	medium	source_image_review_needed	Standalone marker-like glyph near Wylie-looking text; exact correction requires source-image review.
wts_9_m	177	8	1	wts_9_m_corrected_full.txt	corrected_text_scan	/	/	↑	upward	chos	chos	sa eya 'khon gyi gduri / chos rgyal gnam gyi	latin_other	0	1	0	0	standalone_marker_candidate	medium	source_image_review_needed	Standalone marker-like glyph near Wylie-looking text; exact correction requires source-image review.
wts_9_m	177	48	2	wts_9_m_corrected_full.txt	corrected_text_scan	/	/	↑	upward	ma'i	ma'i	rried pa'o / mtsho tik las / ma'i minal du Zag	german_prose_with_translit	0	1	0	0	standalone_marker_candidate	medium	source_image_review_needed	Standalone marker-like glyph near Wylie-looking text; exact correction requires source-image review.
wts_9_m	177	64	6	wts_9_m_corrected_full.txt	corrected_text_scan	/	/	↑	upward	mkhan	mkhan	"poimin) mis byin bu = (/?/?/ 0/// mkhan ""Sän-"	german_prose_with_translit	0	1	0	0	standalone_marker_candidate	medium	source_image_review_needed	Standalone marker-like glyph near Wylie-looking text; exact correction requires source-image review.
wts_9_m	178	72	1	wts_9_m_corrected_full.txt	corrected_text_scan	/	/	↑	upward	lha	lha	Zari Zun gi yul nas khyun po ~ daṅ / lha	german_prose_with_translit	0	1	1	0	standalone_marker_candidate	medium	source_image_review_needed	Standalone marker-like glyph near Wylie-looking text; exact correction requires source-image review.
wts_9_m	179	6	1	wts_9_m_corrected_full.txt	corrected_text_scan	/	/	↑	upward	lta	lta	ya mtsho'i phyi rol lcags kyiri bo yis / — lta	latin_other	0	1	0	0	standalone_marker_candidate	medium	source_image_review_needed	Standalone marker-like glyph near Wylie-looking text; exact correction requires source-image review.
wts_9_m	181	11	1	wts_9_m_corrected_full.txt	corrected_text_scan	/	/	↑	upward	dan	dan	nyal sid ...chom rkun dan / — dan / nad dan	latin_other	0	1	0	0	standalone_marker_candidate	medium	source_image_review_needed	Standalone marker-like glyph near Wylie-looking text; exact correction requires source-image review.
wts_9_m	181	25	1	wts_9_m_corrected_full.txt	corrected_text_scan	/	/	↑	upward	snam	snam	la btags nas / snam bu la bor tshons byed zer	latin_other	0	1	0	0	standalone_marker_candidate	medium	source_image_review_needed	Standalone marker-like glyph near Wylie-looking text; exact correction requires source-image review.
wts_9_m	183	40	1	wts_9_m_corrected_full.txt	corrected_text_scan	/	/	↑	upward	dan	dan	"dag dan / — dan ""[weil es] in diesem gro-"	german_prose_with_translit	0	1	0	0	standalone_marker_candidate	medium	source_image_review_needed	Standalone marker-like glyph near Wylie-looking text; exact correction requires source-image review.
wts_9_m	184	47	2	wts_9_m_corrected_full.txt	corrected_text_scan	/	/	↑	upward	dan	dan	sel dan / spug dan / — dan / rdo'i sun po	latin_other	0	1	0	0	standalone_marker_candidate	medium	source_image_review_needed	Standalone marker-like glyph near Wylie-looking text; exact correction requires source-image review.
wts_9_m	184	47	3	wts_9_m_corrected_full.txt	corrected_text_scan	/	/	↑	upward	rdo'i	rdo'i	sel dan / spug dan / — dan / rdo'i sun po	latin_other	0	1	0	0	standalone_marker_candidate	medium	source_image_review_needed	Standalone marker-like glyph near Wylie-looking text; exact correction requires source-image review.
wts_9_m	186	62	2	wts_9_m_corrected_full.txt	corrected_text_scan	/	/	↑	upward	spyod	spyod	— gi dge sbyon dan / bram ze dan / spyod	latin_other	0	1	0	0	standalone_marker_candidate	medium	source_image_review_needed	Standalone marker-like glyph near Wylie-looking text; exact correction requires source-image review.
wts_9_m	187	41	2	wts_9_m_corrected_full.txt	corrected_text_scan	/	/	↑	upward	chos	chos	"dat ldan 7/7? / chos gos 'di bor te ""jemand,"	latin_other	0	1	0	0	standalone_marker_candidate	medium	source_image_review_needed	Standalone marker-like glyph near Wylie-looking text; exact correction requires source-image review.
wts_9_m	187	60	1	wts_9_m_corrected_full.txt	corrected_text_scan	/	/	↑	upward	katya'i	katya'i	skra'i la ba can / katya'i bu nog can / gcer	latin_other	0	1	0	0	standalone_marker_candidate	medium	source_image_review_needed	Standalone marker-like glyph near Wylie-looking text; exact correction requires source-image review.
wts_9_m	187	76	1	wts_9_m_corrected_full.txt	corrected_text_scan	/	/	↑	upward	ran	ran	503); Han thos daṅ / ran saris reyas dan / — pa	german_prose_with_translit	0	1	1	0	standalone_marker_candidate	medium	source_image_review_needed	Standalone marker-like glyph near Wylie-looking text; exact correction requires source-image review.
wts_9_m	188	69	1	wts_9_m_corrected_full.txt	corrected_text_scan	/	/	↑	upward	dan	dan	däna 67 /¢ dan / — dan ... ban de ye ses sdes	german_prose_with_translit	0	1	0	0	standalone_marker_candidate	medium	source_image_review_needed	Standalone marker-like glyph near Wylie-looking text; exact correction requires source-image review.
wts_9_m	188	69	2	wts_9_m_corrected_full.txt	corrected_text_scan	/	/	↑	upward	dan	dan	däna 67 /¢ dan / — dan ... ban de ye ses sdes	german_prose_with_translit	0	1	0	0	standalone_marker_candidate	medium	source_image_review_needed	Standalone marker-like glyph near Wylie-looking text; exact correction requires source-image review.
wts_9_m	193	20	1	wts_9_m_corrected_full.txt	corrected_text_scan	Iha'i	I	↑	upward	ha'i	ha'i	༦ der Göttin dGra-Iha'i rgyal-mo (Neb	headword_line	1	1	0	1	ocr_prefix_I_upward_marker_candidate	high	source_image_review_needed	Likely OCR substitute for an upward reference marker before Wylie-looking text; exact correction requires source-image review.
wts_9_m	194	14	1	wts_9_m_corrected_full.txt	corrected_text_scan	/	/	↑	upward	gan	gan	"Lex. g.yo zol / gan gi ~$ rari nyid bslu ""be-"	german_prose_with_translit	0	1	1	0	standalone_marker_candidate	medium	source_image_review_needed	Standalone marker-like glyph near Wylie-looking text; exact correction requires source-image review.
wts_9_m	196	5	1	wts_9_m_corrected_full.txt	corrected_text_scan	/	/	↑	upward	chos	chos	serns can sdug 5247 — la / chos ([. R) རྱ	example_tibetan_latin	1	1	0	0	standalone_marker_candidate	medium	source_image_review_needed	Standalone marker-like glyph near Wylie-looking text; exact correction requires source-image review.
wts_9_m	198	24	1	wts_9_m_corrected_full.txt	corrected_text_scan	/	/	↑	upward	ran	ran	"gzugs can gyi / ran bźin 'dila jugpa na ""wenn"	latin_other	0	1	0	0	standalone_marker_candidate	medium	source_image_review_needed	Standalone marker-like glyph near Wylie-looking text; exact correction requires source-image review.
wts_9_m	198	28	1	wts_9_m_corrected_full.txt	corrected_text_scan	/	/	↑	upward	gtso	gtso	yon tan myiam gnas ni / gtso bo źes byar rab	latin_other	0	1	0	0	standalone_marker_candidate	medium	source_image_review_needed	Standalone marker-like glyph near Wylie-looking text; exact correction requires source-image review.
wts_9_m	198	37	1	wts_9_m_corrected_full.txt	corrected_text_scan	Tsgra	T	↑	upward	sgra	sgra	2. Bez. für Rähu, den Mondknoten Tsgra	german_prose_with_translit	0	1	1	0	ocr_prefix_T_upward_marker_candidate	medium	source_image_review_needed	Likely OCR substitute for an upward reference marker before Wylie-looking text; exact correction requires source-image review.
wts_9_m	199	3	1	wts_9_m_corrected_full.txt	corrected_text_scan	Idan	I	↑	upward	dan	dan	"ies pa ""er wurde als Mun-pa zer-Idan nag-"	german_prose_with_translit	0	1	0	0	ocr_prefix_I_upward_marker_candidate	medium	source_image_review_needed	Likely OCR substitute for an upward reference marker before Wylie-looking text; exact correction requires source-image review.
wts_9_m	199	11	2	wts_9_m_corrected_full.txt	corrected_text_scan	/	/	↑	upward	dpag	dpag	byan phyogs $// dpag tshad geig broya dan	latin_other	0	1	0	0	standalone_marker_candidate	medium	source_image_review_needed	Standalone marker-like glyph near Wylie-looking text; exact correction requires source-image review.
wts_9_m	199	16	1	wts_9_m_corrected_full.txt	corrected_text_scan	Idan	I	↑	upward	dan	dan	"drun zer-Idan"" (gZer 506,5); — / lcags mkhar"	latin_other	0	1	1	0	ocr_prefix_I_upward_marker_candidate	medium	source_image_review_needed	Likely OCR substitute for an upward reference marker before Wylie-looking text; exact correction requires source-image review.
wts_9_m	199	17	1	wts_9_m_corrected_full.txt	corrected_text_scan	/	/	↑	upward	nan	nan	seobrgya yi/ nan du tal is phyin (metr.)	latin_other	0	1	0	0	standalone_marker_candidate	medium	source_image_review_needed	Standalone marker-like glyph near Wylie-looking text; exact correction requires source-image review.
wts_9_m	199	52	1	wts_9_m_corrected_full.txt	corrected_text_scan	/	/	↑	upward	rgya	rgya	102,26); — dan / rgya mtsho'i gtin rum lta	latin_other	0	1	1	0	standalone_marker_candidate	medium	source_image_review_needed	Standalone marker-like glyph near Wylie-looking text; exact correction requires source-image review.
wts_9_m	200	18	1	wts_9_m_corrected_full.txt	corrected_text_scan	/	/	↑	upward	sgra	sgra	"khyab ""ug daṅ / ~ sgra nan skya bsen bu"	latin_other	0	1	1	0	standalone_marker_candidate	medium	source_image_review_needed	Standalone marker-like glyph near Wylie-looking text; exact correction requires source-image review.
wts_9_m	200	73	1	wts_9_m_corrected_full.txt	corrected_text_scan	/	/	↑	upward	btsan	btsan	"— / btsan po'i khab du blans ""Mun-Sen kon"	german_prose_with_translit	0	1	0	0	standalone_marker_candidate	medium	source_image_review_needed	Standalone marker-like glyph near Wylie-looking text; exact correction requires source-image review.
wts_9_m	205	82	1	wts_9_m_corrected_full.txt	corrected_text_scan	/	/	↑	upward	gzugs	gzugs	"peinigte"" (K6 da 52b6); khab ni —""i / gzugs"	german_prose_with_translit	0	1	0	0	standalone_marker_candidate	medium	source_image_review_needed	Standalone marker-like glyph near Wylie-looking text; exact correction requires source-image review.
wts_9_m	208	7	1	wts_9_m_corrected_full.txt	corrected_text_scan	Trgya	T	↑	upward	rgya	rgya	Schun 2012: 1523; vgl. Trgya mtsho 2, T'me	german_prose_with_translit	0	1	1	0	ocr_prefix_T_upward_marker_candidate	medium	source_image_review_needed	Likely OCR substitute for an upward reference marker before Wylie-looking text; exact correction requires source-image review.
wts_9_m	208	10	1	wts_9_m_corrected_full.txt	corrected_text_scan	/	/	↑	upward	tshan	tshan	raṅ gi ni / tshan maṅ dbus su ~ gsum / btan	latin_other	0	1	1	0	standalone_marker_candidate	medium	source_image_review_needed	Standalone marker-like glyph near Wylie-looking text; exact correction requires source-image review.
wts_9_m	211	28	1	wts_9_m_corrected_full.txt	corrected_text_scan	/	/	↑	upward	rgyas	rgyas	"ig rten du byon tshe / — rgyas ""als Buddha"	german_prose_with_translit	0	1	0	0	standalone_marker_candidate	medium	source_image_review_needed	Standalone marker-like glyph near Wylie-looking text; exact correction requires source-image review.
wts_9_m	212	15	1	wts_9_m_corrected_full.txt	corrected_text_scan	Iran	I	↑	upward	ran	ran	blut; vgl. Iran byun me tog.	german_prose	0	0	1	0	ocr_prefix_I_upward_marker_candidate	medium	source_image_review_needed	Likely OCR substitute for an upward reference marker before Wylie-looking text; exact correction requires source-image review.
wts_9_m	212	31	1	wts_9_m_corrected_full.txt	corrected_text_scan	/	/	↑	upward	rgyal	rgyal	'bigs byed kyi ri bo'i khoris na / rgyal po me	latin_other	0	1	0	0	standalone_marker_candidate	medium	source_image_review_needed	Standalone marker-like glyph near Wylie-looking text; exact correction requires source-image review.
wts_9_m	213	56	1	wts_9_m_corrected_full.txt	corrected_text_scan	Tshes-spon-gza'	T	↑	upward	shes-spon-gza'	shes-spon-gza'	Tshes-spon-gza' Me-tog-sgron ihm [vergif-	latin_other	0	1	0	0	ocr_prefix_T_upward_marker_candidate	medium	source_image_review_needed	Likely OCR substitute for an upward reference marker before Wylie-looking text; exact correction requires source-image review.
wts_9_m	215	53	1	wts_9_m_corrected_full.txt	corrected_text_scan	Trgyal	T	↑	upward	rgyal	rgyal	4. Bez. für den Monat Trgyal; vgl. SCHUH	german_prose	0	1	1	0	ocr_prefix_T_upward_marker_candidate	medium	source_image_review_needed	Likely OCR substitute for an upward reference marker before Wylie-looking text; exact correction requires source-image review.
wts_9_m	216	13	1	wts_9_m_corrected_full.txt	corrected_text_scan	/	/	↑	upward	spy	spy	ig rten thanis cad kyis / spy! la — bin bku བ	tibetan_latin_mixed	1	1	0	0	standalone_marker_candidate	medium	source_image_review_needed	Standalone marker-like glyph near Wylie-looking text; exact correction requires source-image review.
wts_9_m	216	79	1	wts_9_m_corrected_full.txt	corrected_text_scan	/	/	↑	upward	chos	chos	194); bun bas — bzin / chos kyi don tsan	latin_other	0	1	1	0	standalone_marker_candidate	medium	source_image_review_needed	Standalone marker-like glyph near Wylie-looking text; exact correction requires source-image review.
wts_9_m	218	23	1	wts_9_m_corrected_full.txt	corrected_text_scan	/	/	↑	upward	gtsug	gtsug	gtsari ma klu yirgyal khams su / gtsug na rin	latin_other	0	1	0	0	standalone_marker_candidate	medium	source_image_review_needed	Standalone marker-like glyph near Wylie-looking text; exact correction requires source-image review.
wts_9_m	218	32	4	wts_9_m_corrected_full.txt	corrected_text_scan	/	/	↑	upward	tshubs	tshubs	?//?ˆ rdo thog 2// — tshubs se 'pharis byun bas	latin_other	0	1	0	0	standalone_marker_candidate	medium	source_image_review_needed	Standalone marker-like glyph near Wylie-looking text; exact correction requires source-image review.
wts_9_m	220	12	1	wts_9_m_corrected_full.txt	corrected_text_scan	/ha'i	/	↑	upward	ha'i	ha'i	Lex. /ha'i bu mo (brDa, Dagy).	german_prose_with_translit	0	1	0	0	ocr_prefix_slash_marker_candidate	medium	source_image_review_needed	Likely OCR substitute for an upward reference marker before Wylie-looking text; exact correction requires source-image review.
wts_9_m	220	34	1	wts_9_m_corrected_full.txt	corrected_text_scan	/	/	↑	upward	rgyu	rgyu	— dag ni bya ba smra ba dan / rgyu smra ba	latin_other	0	1	0	0	standalone_marker_candidate	medium	source_image_review_needed	Standalone marker-like glyph near Wylie-looking text; exact correction requires source-image review.
wts_9_m	225	22	1	wts_9_m_corrected_full.txt	corrected_text_scan	/	/	↑	upward	lha'i	lha'i	"kyi lte ba la / lha'i gźal yas khani ""ein Göt-"	german_prose_with_translit	0	1	0	0	standalone_marker_candidate	medium	source_image_review_needed	Standalone marker-like glyph near Wylie-looking text; exact correction requires source-image review.
wts_9_m	228	13	1	wts_9_m_corrected_full.txt	corrected_text_scan	/	/	↑	upward	lho'i	lho'i	"drei"" (brDa); khbyimgyi me dan / lho'i me dan"	latin_other	0	1	0	0	standalone_marker_candidate	medium	source_image_review_needed	Standalone marker-like glyph near Wylie-looking text; exact correction requires source-image review.
wts_9_m	228	46	1	wts_9_m_corrected_full.txt	corrected_text_scan	/	/	↑	upward	rgya	rgya	ba me yis mi tshugs pa'i / — rgya stag dar	latin_other	0	1	0	0	standalone_marker_candidate	medium	source_image_review_needed	Standalone marker-like glyph near Wylie-looking text; exact correction requires source-image review.
wts_9_m	231	68	2	wts_9_m_corrected_full.txt	corrected_text_scan	/	/	↑	upward	sgra	sgra	"der Laut"" (Bu 756,5); ?//? sgra 'on ste de /7/¿/"	german_prose_with_translit	0	1	1	0	standalone_marker_candidate	medium	source_image_review_needed	Standalone marker-like glyph near Wylie-looking text; exact correction requires source-image review.
wts_9_m	232	15	6	wts_9_m_corrected_full.txt	corrected_text_scan	/	/	↑	upward	dpa'	dpa'	334); bod //¿ /)/// dpa' ba dan brtul phod pa ...	latin_other	0	1	1	0	standalone_marker_candidate	medium	source_image_review_needed	Standalone marker-like glyph near Wylie-looking text; exact correction requires source-image review.
wts_9_m	234	10	1	wts_9_m_corrected_full.txt	corrected_text_scan	/	/	↑	upward	rgyu	rgyu	rtagpa Zes bya ba'i / rgyu niciyali — ces 05//??$	german_prose_with_translit	0	1	0	0	standalone_marker_candidate	medium	source_image_review_needed	Standalone marker-like glyph near Wylie-looking text; exact correction requires source-image review.
wts_9_m	235	83	1	wts_9_m_corrected_full.txt	corrected_text_scan	/	/	↑	upward	rgyu	rgyu	"mams ni / rgyu med rkyen — ""dzum pa mi"	latin_other	0	1	0	0	standalone_marker_candidate	medium	source_image_review_needed	Standalone marker-like glyph near Wylie-looking text; exact correction requires source-image review.
wts_9_m	237	36	1	wts_9_m_corrected_full.txt	corrected_text_scan	Tmelha'i	T	↑	upward	melha'i	melha'i	མིའི་ཕྱོགས་ me'i phyogs Tmelha'i phyogs.	headword_line	1	1	0	1	ocr_prefix_T_upward_marker_candidate	high	source_image_review_needed	Likely OCR substitute for an upward reference marker before Wylie-looking text; exact correction requires source-image review.
wts_9_m	238	11	1	wts_9_m_corrected_full.txt	corrected_text_scan	/	/	↑	upward	dan	dan	"sin na ba dan / dan ka — po ""Herzkrank-"	german_prose_with_translit	0	1	0	0	standalone_marker_candidate	medium	source_image_review_needed	Standalone marker-like glyph near Wylie-looking text; exact correction requires source-image review.
wts_9_m	239	71	1	wts_9_m_corrected_full.txt	corrected_text_scan	/	/	↑	upward	lhags	lhags	(r. mi) spun pha bu sogs / lhags pa ltar du 'debs	latin_other	0	1	0	0	standalone_marker_candidate	medium	source_image_review_needed	Standalone marker-like glyph near Wylie-looking text; exact correction requires source-image review.
wts_9_m	241	7	1	wts_9_m_corrected_full.txt	corrected_text_scan	Tsug-lde-btsan	T	↑	upward	sug-lde-btsan	sug-lde-btsan	und Khri gTsug-lde-btsan alias Ral-pa-can.	german_prose_with_translit	0	1	0	0	ocr_prefix_T_upward_marker_candidate	medium	source_image_review_needed	Likely OCR substitute for an upward reference marker before Wylie-looking text; exact correction requires source-image review.
wts_9_m	241	8	1	wts_9_m_corrected_full.txt	corrected_text_scan	/	/	↑	upward	btsum	btsum	- / btsum mo bka' yi thari yig bstan par	latin_other	0	1	0	0	standalone_marker_candidate	medium	source_image_review_needed	Standalone marker-like glyph near Wylie-looking text; exact correction requires source-image review.
wts_9_m	245	60	1	wts_9_m_corrected_full.txt	corrected_text_scan	/	/	↑	upward	rgyas	rgyas	dga’ — la ni / rgyas pa yoris chags rnam par	latin_other	0	1	0	0	standalone_marker_candidate	medium	source_image_review_needed	Standalone marker-like glyph near Wylie-looking text; exact correction requires source-image review.
wts_9_m	245	72	1	wts_9_m_corrected_full.txt	corrected_text_scan	/	/	↑	upward	tsharis	tsharis	kyani gan Ze na / tsharis pa — dan / drag —	german_prose_with_translit	0	1	0	0	standalone_marker_candidate	medium	source_image_review_needed	Standalone marker-like glyph near Wylie-looking text; exact correction requires source-image review.
wts_9_m	245	82	1	wts_9_m_corrected_full.txt	corrected_text_scan	/	/	↑	upward	tshad	tshad	"— dan / tshad ma la sogs pa bsgyur 2/?7 ""er"	latin_other	0	1	0	0	standalone_marker_candidate	medium	source_image_review_needed	Standalone marker-like glyph near Wylie-looking text; exact correction requires source-image review.
wts_9_m	246	58	1	wts_9_m_corrected_full.txt	corrected_text_scan	/	/	↑	upward	tshans	tshans	klur chen po skal ldan śiṅ rta dan / tshans	german_prose_with_translit	0	1	0	0	standalone_marker_candidate	medium	source_image_review_needed	Standalone marker-like glyph near Wylie-looking text; exact correction requires source-image review.
wts_9_m	248	36	1	wts_9_m_corrected_full.txt	corrected_text_scan	/	/	↑	upward	lha	lha	(Padm 63b1); geig gis ju thig dan / lha bka	german_prose_with_translit	0	1	0	0	standalone_marker_candidate	medium	source_image_review_needed	Standalone marker-like glyph near Wylie-looking text; exact correction requires source-image review.
wts_9_m	249	59	1	wts_9_m_corrected_full.txt	corrected_text_scan	Igan	I	↑	upward	gan	gan	Lex. — ni... pho yi Igan ba'ii nad rnams la /	german_prose_with_translit	0	1	0	0	ocr_prefix_I_upward_marker_candidate	medium	source_image_review_needed	Likely OCR substitute for an upward reference marker before Wylie-looking text; exact correction requires source-image review.
wts_9_m	254	9	2	wts_9_m_corrected_full.txt	corrected_text_scan	/	/	↑	upward	dge	dge	de dag gi sar du ... ~ / ña mtsho / dge rtse	latin_other	0	1	1	0	standalone_marker_candidate	medium	source_image_review_needed	Standalone marker-like glyph near Wylie-looking text; exact correction requires source-image review.
wts_9_m	257	37	1	wts_9_m_corrected_full.txt	corrected_text_scan	/	/	↑	upward	dpal	dpal	lha sras gtsan ma / dpal (r. spa) gro — la	latin_other	0	1	0	0	standalone_marker_candidate	medium	source_image_review_needed	Standalone marker-like glyph near Wylie-looking text; exact correction requires source-image review.
wts_9_m	257	65	1	wts_9_m_corrected_full.txt	corrected_text_scan	Tsho-sna	T	↑	upward	sho-sna	sho-sna	"Mon mTsho-sna usw."" ( Dzam 35,7); dei lho"	german_prose_with_translit	0	1	1	0	ocr_prefix_T_upward_marker_candidate	medium	source_image_review_needed	Likely OCR substitute for an upward reference marker before Wylie-looking text; exact correction requires source-image review.
wts_9_m	258	80	2	wts_9_m_corrected_full.txt	corrected_text_scan	/	/	↑	upward	'i	'i	sum pa (727/7 na garbas / —'i lha khan bier	latin_other	0	1	0	0	standalone_marker_candidate	medium	source_image_review_needed	Standalone marker-like glyph near Wylie-looking text; exact correction requires source-image review.
wts_9_m	259	10	2	wts_9_m_corrected_full.txt	corrected_text_scan	/	/	↑	upward	nan	nan	"1: 272,2); !ho mon 07// nan 'khrug ""die in-"	german_prose_with_translit	0	1	1	0	standalone_marker_candidate	medium	source_image_review_needed	Standalone marker-like glyph near Wylie-looking text; exact correction requires source-image review.
wts_9_m	260	61	1	wts_9_m_corrected_full.txt	corrected_text_scan	/	/	↑	upward	rgya	rgya	"lna'o / rgya nag skad la tshan dhe'u zer ""he;"	latin_other	0	1	0	0	standalone_marker_candidate	medium	source_image_review_needed	Standalone marker-like glyph near Wylie-looking text; exact correction requires source-image review.
wts_9_m	266	34	2	wts_9_m_corrected_full.txt	corrected_text_scan	/	/	↑	upward	bu'i	bu'i	"mo'n 'gal 02// bu'i Zabs rjes ""ein Fußßabdruck"	german_prose_with_translit	0	1	0	0	standalone_marker_candidate	medium	source_image_review_needed	Standalone marker-like glyph near Wylie-looking text; exact correction requires source-image review.
wts_9_m	266	79	1	wts_9_m_corrected_full.txt	corrected_text_scan	/	/	↑	upward	dan	dan	dan / — dan / jigs pa dan / khro ba mann	latin_other	0	1	0	0	standalone_marker_candidate	medium	source_image_review_needed	Standalone marker-like glyph near Wylie-looking text; exact correction requires source-image review.
wts_9_m	268	19	1	wts_9_m_corrected_full.txt	corrected_text_scan	/	/	↑	upward	pa'i	pa'i	bu don grub bya ba de / — pa'i sku gdun ni	latin_other	0	1	0	0	standalone_marker_candidate	medium	source_image_review_needed	Standalone marker-like glyph near Wylie-looking text; exact correction requires source-image review.
wts_9_m	269	15	1	wts_9_m_corrected_full.txt	corrected_text_scan	/	/	↑	upward	dbyins	dbyins	od zer gsum du byuri nas / dbyins su mya ṅan	latin_other	0	1	0	0	standalone_marker_candidate	medium	source_image_review_needed	Standalone marker-like glyph near Wylie-looking text; exact correction requires source-image review.
wts_9_m	269	70	1	wts_9_m_corrected_full.txt	corrected_text_scan	/	/	↑	upward	dan	dan	mya ran med kyi brgyud pala / — dan dpa'	latin_other	0	1	0	0	standalone_marker_candidate	medium	source_image_review_needed	Standalone marker-like glyph near Wylie-looking text; exact correction requires source-image review.
wts_9_m	269	71	1	wts_9_m_corrected_full.txt	corrected_text_scan	/	/	↑	upward	dga'a	dga'a	bo'i sde / dga'a bo padma che ste bZi (metr.)	latin_other	0	1	0	0	standalone_marker_candidate	medium	source_image_review_needed	Standalone marker-like glyph near Wylie-looking text; exact correction requires source-image review.
wts_9_m	270	21	1	wts_9_m_corrected_full.txt	corrected_text_scan	/	/	↑	upward	chos	chos	tsbe rin 'gur / chos royal — dan mtshuns	latin_other	0	1	0	0	standalone_marker_candidate	medium	source_image_review_needed	Standalone marker-like glyph near Wylie-looking text; exact correction requires source-image review.
wts_9_m	273	37	2	wts_9_m_corrected_full.txt	corrected_text_scan	/	/	↑	upward	ganis	ganis	"52,13); lho brag phn la ha 7-/""/ ganis dan / — ha"	latin_other	0	1	1	0	standalone_marker_candidate	medium	source_image_review_needed	Standalone marker-like glyph near Wylie-looking text; exact correction requires source-image review.
wts_9_m	274	43	1	wts_9_m_corrected_full.txt	corrected_text_scan	/	/	↑	upward	lha'i	lha'i	"ste / lha'i ?¡ ni sras po bźugs ""am anderen Ufer"	german_prose_with_translit	0	1	0	0	standalone_marker_candidate	medium	source_image_review_needed	Standalone marker-like glyph near Wylie-looking text; exact correction requires source-image review.
wts_9_m	276	32	1	wts_9_m_corrected_full.txt	corrected_text_scan	/	/	↑	upward	dgos	dgos	gzu lums can gyi spyod pa mams / dgos pa —	latin_other	0	1	0	0	standalone_marker_candidate	medium	source_image_review_needed	Standalone marker-like glyph near Wylie-looking text; exact correction requires source-image review.
wts_9_m	277	35	1	wts_9_m_corrected_full.txt	corrected_text_scan	/	/	↑	upward	gan	gan	blum po(s) chu yi ri mo ltar / gan Zig byas pa	german_prose_with_translit	0	1	0	0	standalone_marker_candidate	medium	source_image_review_needed	Standalone marker-like glyph near Wylie-looking text; exact correction requires source-image review.
wts_9_m	277	59	1	wts_9_m_corrected_full.txt	corrected_text_scan	/	/	↑	upward	tshul	tshul	[ist heilsam]* (Ahs 1.5.8d); ~'/ tshul is	german_prose_with_translit	0	1	1	0	standalone_marker_candidate	medium	source_image_review_needed	Standalone marker-like glyph near Wylie-looking text; exact correction requires source-image review.
wts_9_m	279	67	1	wts_9_m_corrected_full.txt	corrected_text_scan	/	/	↑	upward	rgyun	rgyun	de lta bu Se dag la skyo ma śes nas / rgyun	german_prose_with_translit	0	1	0	0	standalone_marker_candidate	medium	source_image_review_needed	Standalone marker-like glyph near Wylie-looking text; exact correction requires source-image review.
wts_9_m	280	41	1	wts_9_m_corrected_full.txt	corrected_text_scan	/	/	↑	upward	nan	nan	"na / nan son — dgos mi 'dug (metr.) ""wenn du"	latin_other	0	1	0	0	standalone_marker_candidate	medium	source_image_review_needed	Standalone marker-like glyph near Wylie-looking text; exact correction requires source-image review.
wts_9_m	282	11	1	wts_9_m_corrected_full.txt	corrected_text_scan	/	/	↑	upward	lha	lha	log — Sin rab myos rnanis / lha dag bsrun	german_prose_with_translit	0	1	0	0	standalone_marker_candidate	medium	source_image_review_needed	Standalone marker-like glyph near Wylie-looking text; exact correction requires source-image review.
wts_9_m	282	43	1	wts_9_m_corrected_full.txt	corrected_text_scan	/	/	↑	upward	sgra	sgra	yil/ sgra rnanis Jam pa' dbyans byed tshul	german_prose_with_translit	0	1	0	0	standalone_marker_candidate	medium	source_image_review_needed	Standalone marker-like glyph near Wylie-looking text; exact correction requires source-image review.
wts_9_m	282	58	1	wts_9_m_corrected_full.txt	corrected_text_scan	/	/	↑	upward	pa'i	pa'i	glai po che / = pa'i rgab tu ion Pas	german_prose_with_translit	0	1	0	0	standalone_marker_candidate	medium	source_image_review_needed	Standalone marker-like glyph near Wylie-looking text; exact correction requires source-image review.
wts_9_m	283	13	1	wts_9_m_corrected_full.txt	corrected_text_scan	\.gyurpa'i	\	↑	upward	.gyurpa'i	gyurpa'i	ba'i (v.\.gyurpa'i) btun ba spon ba = madya-	latin_other	0	1	0	0	ocr_prefix_backslash_marker_candidate	medium	source_image_review_needed	Likely OCR substitute for an upward reference marker before Wylie-looking text; exact correction requires source-image review.
wts_9_m	283	20	1	wts_9_m_corrected_full.txt	corrected_text_scan	Idan	I	↑	upward	dan	dan	"mchog ma dan 'dodIdan ma spyi la'an ""vor-"	latin_other	0	1	0	0	ocr_prefix_I_upward_marker_candidate	medium	source_image_review_needed	Likely OCR substitute for an upward reference marker before Wylie-looking text; exact correction requires source-image review.
wts_9_m	285	7	1	wts_9_m_corrected_full.txt	corrected_text_scan	/	/	↑	upward	rgyal	rgyal	bar du bkye ba las / rgyal po gsum gi —	latin_other	0	1	0	0	standalone_marker_candidate	medium	source_image_review_needed	Standalone marker-like glyph near Wylie-looking text; exact correction requires source-image review.
wts_9_m	285	28	1	wts_9_m_corrected_full.txt	corrected_text_scan	Tha'i	T	↑	upward	ha'i	ha'i	kam, floh der Kaiser Tha'i dzun nach śen-	german_prose_with_translit	0	1	0	0	ocr_prefix_T_upward_marker_candidate	medium	source_image_review_needed	Likely OCR substitute for an upward reference marker before Wylie-looking text; exact correction requires source-image review.
wts_9_m	286	13	2	wts_9_m_corrected_full.txt	corrected_text_scan	/mtsboga'i	/	↑	upward	mtsboga'i	mtsboga'i	"daten gewährt"" (In N40); ~ nm' /mtsboga'i"	german_prose_with_translit	0	1	1	0	ocr_prefix_slash_marker_candidate	medium	source_image_review_needed	Likely OCR substitute for an upward reference marker before Wylie-looking text; exact correction requires source-image review.
wts_9_m	287	79	3	wts_9_m_corrected_full.txt	corrected_text_scan	/	/	↑	upward	rgyan	rgyan	— mug yams kyis / ?// rgyan yul rnams bred	latin_other	0	1	0	0	standalone_marker_candidate	medium	source_image_review_needed	Standalone marker-like glyph near Wylie-looking text; exact correction requires source-image review.
wts_9_m	290	3	1	wts_9_m_corrected_full.txt	corrected_text_scan	/	/	↑	upward	gzugs	gzugs	de'i min — gzugs can stin po / — gzugs can	latin_other	0	1	0	0	standalone_marker_candidate	medium	source_image_review_needed	Standalone marker-like glyph near Wylie-looking text; exact correction requires source-image review.
wts_9_m	290	24	1	wts_9_m_corrected_full.txt	corrected_text_scan	/	/	↑	upward	dpa'	dpa'	dud kyi / dpa' bo'i — kun gyi spro ba (metr.)	latin_other	0	1	0	0	standalone_marker_candidate	medium	source_image_review_needed	Standalone marker-like glyph near Wylie-looking text; exact correction requires source-image review.
wts_9_m	290	61	1	wts_9_m_corrected_full.txt	corrected_text_scan	/	/	↑	upward	bka	bka	blon stag sgra klu khon grüs / bka stsaldte Mi.	german_prose_with_translit	0	1	0	0	standalone_marker_candidate	medium	source_image_review_needed	Standalone marker-like glyph near Wylie-looking text; exact correction requires source-image review.
wts_9_m	290	69	1	wts_9_m_corrected_full.txt	corrected_text_scan	/	/	↑	upward	bka'	bka'	"'bro ram sags / bka' stsal nas ""nachdem 'Br"	german_prose_with_translit	0	1	0	0	standalone_marker_candidate	medium	source_image_review_needed	Standalone marker-like glyph near Wylie-looking text; exact correction requires source-image review.
wts_9_m	291	15	1	wts_9_m_corrected_full.txt	corrected_text_scan	/	/	↑	upward	dpa'	dpa'	"~ dan / dpa' bo maṅ po ŝi nas ""als der Heer-"	german_prose_with_translit	0	1	1	0	standalone_marker_candidate	medium	source_image_review_needed	Standalone marker-like glyph near Wylie-looking text; exact correction requires source-image review.
wts_9_m	304	50	1	wts_9_m_corrected_full.txt	corrected_text_scan	/	/	↑	upward	dan	dan	dan / — dan / dkar po dag gis khyogs breyan	latin_other	0	1	0	0	standalone_marker_candidate	medium	source_image_review_needed	Standalone marker-like glyph near Wylie-looking text; exact correction requires source-image review.
wts_9_m	305	28	1	wts_9_m_corrected_full.txt	corrected_text_scan	/	/	↑	upward	mchog	mchog	'og (r. gtsod) gi dun ru — 'di / mchog dkar	latin_other	0	1	0	0	standalone_marker_candidate	medium	source_image_review_needed	Standalone marker-like glyph near Wylie-looking text; exact correction requires source-image review.
wts_9_m	305	59	1	wts_9_m_corrected_full.txt	corrected_text_scan	/	/	↑	upward	dan	dan	che ba 'di lta du 'di lta ste ... spug dan / — dan	latin_other	0	1	0	0	standalone_marker_candidate	medium	source_image_review_needed	Standalone marker-like glyph near Wylie-looking text; exact correction requires source-image review.
wts_9_m	306	75	1	wts_9_m_corrected_full.txt	corrected_text_scan	/	/	↑	upward	dge	dge	dag — na gnas pa yi / dge sbyon man du thos	latin_other	0	1	0	0	standalone_marker_candidate	medium	source_image_review_needed	Standalone marker-like glyph near Wylie-looking text; exact correction requires source-image review.
wts_9_m	310	8	1	wts_9_m_corrected_full.txt	corrected_text_scan	/	/	↑	upward	nas	nas	"sa bon ñid / ~ nas (metr.) ""man stellt sich"	latin_other	0	1	1	0	standalone_marker_candidate	medium	source_image_review_needed	Standalone marker-like glyph near Wylie-looking text; exact correction requires source-image review.
wts_9_m	314	32	3	wts_9_m_corrected_full.txt	corrected_text_scan	/	/	↑	upward	dan	dan	"ist!"" (bKth 545,3); — chas /?// dan bcas nas"	german_prose_with_translit	0	1	1	0	standalone_marker_candidate	medium	source_image_review_needed	Standalone marker-like glyph near Wylie-looking text; exact correction requires source-image review.
wts_9_m	316	61	1	wts_9_m_corrected_full.txt	corrected_text_scan	/	/	↑	upward	dge	dge	bar glin dan —' sa mtshams nas / dge ben	latin_other	0	1	0	0	standalone_marker_candidate	medium	source_image_review_needed	Standalone marker-like glyph near Wylie-looking text; exact correction requires source-image review.
wts_9_m	319	50	1	wts_9_m_corrected_full.txt	corrected_text_scan	/	/	↑	upward	lham	lham	Lex. tha ga pa / lham mkhan ... rus gcig pa	german_prose_with_translit	0	1	0	0	standalone_marker_candidate	medium	source_image_review_needed	Standalone marker-like glyph near Wylie-looking text; exact correction requires source-image review.
wts_9_m	320	44	4	wts_9_m_corrected_full.txt	corrected_text_scan	/	/	↑	upward	chosla	chosla	bo /7//7 kyi nes par bkal gis / chosla — gab	latin_other	0	1	0	0	standalone_marker_candidate	medium	source_image_review_needed	Standalone marker-like glyph near Wylie-looking text; exact correction requires source-image review.
wts_9_m	321	11	1	wts_9_m_corrected_full.txt	corrected_text_scan	/	/	↑	upward	dan	dan	"dai / ~ dan / Sig rten mchod bstod de ""die"	german_prose_with_translit	0	1	1	0	standalone_marker_candidate	medium	source_image_review_needed	Standalone marker-like glyph near Wylie-looking text; exact correction requires source-image review.
wts_9_m	322	63	1	wts_9_m_corrected_full.txt	corrected_text_scan	/	/	↑	upward	tsha	tsha	ba la gsum ste / tsha ba' dmyal ba brgyad gnas	latin_other	0	1	0	0	standalone_marker_candidate	medium	source_image_review_needed	Standalone marker-like glyph near Wylie-looking text; exact correction requires source-image review.
wts_9_m	323	53	1	wts_9_m_corrected_full.txt	corrected_text_scan	/	/	↑	upward	bka'	bka'	"gan nes pa'i sgor / bka' god —'o ""die An-"	german_prose_with_translit	0	1	0	0	standalone_marker_candidate	medium	source_image_review_needed	Standalone marker-like glyph near Wylie-looking text; exact correction requires source-image review.
wts_9_m	327	28	2	wts_9_m_corrected_full.txt	corrected_text_scan	/	/	↑	upward	dan	dan	"han pa dari / khruṅ khrun dan / — dan ""Gän-"	german_prose_with_translit	0	1	0	0	standalone_marker_candidate	medium	source_image_review_needed	Standalone marker-like glyph near Wylie-looking text; exact correction requires source-image review.
wts_9_m	327	34	1	wts_9_m_corrected_full.txt	corrected_text_scan	/	/	↑	upward	mkha'	mkha'	gai tsha bas gduns gyur kyari / mkha' dkyil	latin_other	0	1	0	0	standalone_marker_candidate	medium	source_image_review_needed	Standalone marker-like glyph near Wylie-looking text; exact correction requires source-image review.
wts_9_m	328	6	1	wts_9_m_corrected_full.txt	corrected_text_scan	/	/	↑	upward	gnas	gnas	duglartsiru —s bsgyur / gnas sa na mar (r.	latin_other	0	1	0	0	standalone_marker_candidate	medium	source_image_review_needed	Standalone marker-like glyph near Wylie-looking text; exact correction requires source-image review.
wts_9_m	329	42	2	wts_9_m_corrected_full.txt	corrected_text_scan	/	/	↑	upward	snams	snams	ste po dan / zul phu dan / snams kyi sdzin	latin_other	0	1	0	0	standalone_marker_candidate	medium	source_image_review_needed	Standalone marker-like glyph near Wylie-looking text; exact correction requires source-image review.
wts_9_m	330	65	1	wts_9_m_corrected_full.txt	corrected_text_scan	/	/	↑	upward	dbyi	dbyi	gor ma dkar po dros ni / dbyi tshab kyi mchad	latin_other	0	1	0	0	standalone_marker_candidate	medium	source_image_review_needed	Standalone marker-like glyph near Wylie-looking text; exact correction requires source-image review.
wts_9_m	330	69	2	wts_9_m_corrected_full.txt	corrected_text_scan	/	/	↑	upward	rgya	rgya	"gyis gnas 02/""/ — rgya skyed pas ""als L.o-ston"	german_prose_with_translit	0	1	0	0	standalone_marker_candidate	medium	source_image_review_needed	Standalone marker-like glyph near Wylie-looking text; exact correction requires source-image review.
wts_9_m	333	34	2	wts_9_m_corrected_full.txt	corrected_text_scan	/	/	↑	upward	rjes	rjes	57/7/ rjes thugs bskyed smon lam rmad byun	latin_other	0	1	0	0	standalone_marker_candidate	medium	source_image_review_needed	Standalone marker-like glyph near Wylie-looking text; exact correction requires source-image review.
wts_9_m	335	63	2	wts_9_m_corrected_full.txt	corrected_text_scan	/	/	↑	upward	gzugsbriiandan	gzugsbriiandan	dan / migyor dan / gzugsbriiandan ...lta bur	latin_other	0	1	0	0	standalone_marker_candidate	medium	source_image_review_needed	Standalone marker-like glyph near Wylie-looking text; exact correction requires source-image review.
wts_9_m	337	43	4	wts_9_m_corrected_full.txt	corrected_text_scan	/	/	↑	upward	nan	nan	"ba glan — //2/""/ nan du / rin chen sna ha"	german_prose_with_translit	0	1	0	0	standalone_marker_candidate	medium	source_image_review_needed	Standalone marker-like glyph near Wylie-looking text; exact correction requires source-image review.
wts_9_m	341	61	1	wts_9_m_corrected_full.txt	corrected_text_scan	/	/	↑	upward	mkhyen	mkhyen	par mdzad pa ste / mkhyen bZin du — pa /	latin_other	0	1	0	0	standalone_marker_candidate	medium	source_image_review_needed	Standalone marker-like glyph near Wylie-looking text; exact correction requires source-image review.
wts_9_m	343	60	1	wts_9_m_corrected_full.txt	corrected_text_scan	/	/	↑	upward	kha'i	kha'i	phyi ishar la ... '0/ kha'i rnal 'byor chos g.yini /	latin_other	0	1	0	0	standalone_marker_candidate	medium	source_image_review_needed	Standalone marker-like glyph near Wylie-looking text; exact correction requires source-image review.
wts_9_m	343	79	5	wts_9_m_corrected_full.txt	corrected_text_scan	/	/	↑	upward	pa'i	pa'i	"ku $// / // pa'i spran po — pa (metr.) ""der Ku-"	german_prose_with_translit	0	1	0	0	standalone_marker_candidate	medium	source_image_review_needed	Standalone marker-like glyph near Wylie-looking text; exact correction requires source-image review.
wts_9_m	344	36	2	wts_9_m_corrected_full.txt	corrected_text_scan	/	/	↑	upward	gzugs	gzugs	kun / bdag riid kyis ni byas pa yi / gzugs sgra	latin_other	0	1	0	0	standalone_marker_candidate	medium	source_image_review_needed	Standalone marker-like glyph near Wylie-looking text; exact correction requires source-image review.
wts_9_m	345	16	2	wts_9_m_corrected_full.txt	corrected_text_scan	/	/	↑	upward	ldog	ldog	Lex. giid khug pa 977/¢/ ldog pa (brDa).	german_prose_with_translit	0	1	0	0	standalone_marker_candidate	medium	source_image_review_needed	Standalone marker-like glyph near Wylie-looking text; exact correction requires source-image review.
wts_9_m	349	30	1	wts_9_m_corrected_full.txt	corrected_text_scan	/	/	↑	upward	dgon	dgon	kha'i khons su yu gur rta mgo dgon / — dgon	latin_other	0	1	0	0	standalone_marker_candidate	medium	source_image_review_needed	Standalone marker-like glyph near Wylie-looking text; exact correction requires source-image review.
wts_9_m	350	5	3	wts_9_m_corrected_full.txt	corrected_text_scan	/	/	↑	upward	rgyud	rgyud	166,17); grwa sa chen po /?7/ / rgyud stod —	german_prose_with_translit	0	1	1	0	standalone_marker_candidate	medium	source_image_review_needed	Standalone marker-like glyph near Wylie-looking text; exact correction requires source-image review.
wts_9_m	351	20	1	wts_9_m_corrected_full.txt	corrected_text_scan	/	/	↑	upward	gans	gans	dbus gtsari ru bi / gans (ri)... thams cad	latin_other	0	1	0	0	standalone_marker_candidate	medium	source_image_review_needed	Standalone marker-like glyph near Wylie-looking text; exact correction requires source-image review.
wts_9_m	351	66	2	wts_9_m_corrected_full.txt	corrected_text_scan	/	/	↑	upward	tshe	tshe	"hat"" (KTh 1: 429,1); — skyid / tshe stod sdug"	german_prose_with_translit	0	1	1	0	standalone_marker_candidate	medium	source_image_review_needed	Standalone marker-like glyph near Wylie-looking text; exact correction requires source-image review.
wts_9_m	352	16	1	wts_9_m_corrected_full.txt	corrected_text_scan	/	/	↑	upward	bka'	bka'	bka' gyod gi tshigs ci la bab pa las / bka' gyod	latin_other	0	1	0	0	standalone_marker_candidate	medium	source_image_review_needed	Standalone marker-like glyph near Wylie-looking text; exact correction requires source-image review.
wts_9_m	352	40	1	wts_9_m_corrected_full.txt	corrected_text_scan	/	/	↑	upward	pa'i	pa'i	(Prav 155,9); bsdigs pa'i las dari / — pa'i las	german_prose_with_translit	0	1	1	0	standalone_marker_candidate	medium	source_image_review_needed	Standalone marker-like glyph near Wylie-looking text; exact correction requires source-image review.
wts_9_m	353	55	1	wts_9_m_corrected_full.txt	corrected_text_scan	/	/	↑	upward	bya'i	bya'i	— sgani gsum Zih daṅ 'dra ste / bya'i glin du	german_prose_with_translit	0	1	0	0	standalone_marker_candidate	medium	source_image_review_needed	Standalone marker-like glyph near Wylie-looking text; exact correction requires source-image review.
wts_9_m	354	60	1	wts_9_m_corrected_full.txt	corrected_text_scan	/	/	↑	upward	gzugs	gzugs	tsbon ma (Dagy); 'dod 'gro ma / gzugs can	german_prose_with_translit	0	1	0	0	standalone_marker_candidate	medium	source_image_review_needed	Standalone marker-like glyph near Wylie-looking text; exact correction requires source-image review.
wts_9_m	354	61	1	wts_9_m_corrected_full.txt	corrected_text_scan	/	/	↑	upward	gzugs	gzugs	ma / gzugs tsbori ma / nam mkha'i ges (r. gos)	latin_other	0	1	0	0	standalone_marker_candidate	medium	source_image_review_needed	Standalone marker-like glyph near Wylie-looking text; exact correction requires source-image review.
wts_9_m	354	62	2	wts_9_m_corrected_full.txt	corrected_text_scan	/	/	↑	upward	tshegs	tshegs	can ma / 'phyon ma / tshegs can ma mamsni	latin_other	0	1	0	0	standalone_marker_candidate	medium	source_image_review_needed	Standalone marker-like glyph near Wylie-looking text; exact correction requires source-image review.
wts_9_m	356	45	1	wts_9_m_corrected_full.txt	corrected_text_scan	/	/	↑	upward	sna	sna	122,17); gto ni — bzaṅ drug dan / — sna	latin_other	0	1	1	0	standalone_marker_candidate	medium	source_image_review_needed	Standalone marker-like glyph near Wylie-looking text; exact correction requires source-image review.
wts_9_m	357	68	1	wts_9_m_corrected_full.txt	corrected_text_scan	/	/	↑	upward	lala'i	lala'i	10.572); 'phags pa klu sgrub gun / lala'i —	latin_other	0	1	1	0	standalone_marker_candidate	medium	source_image_review_needed	Standalone marker-like glyph near Wylie-looking text; exact correction requires source-image review.
wts_9_m	357	93	1	wts_9_m_corrected_full.txt	corrected_text_scan	/rgyanagnas	/	↑	upward	rgyanagnas	rgyanagnas	"su /rgyanagnas — dan rtsis byun ""zur Zeit"	german_prose_with_translit	0	1	0	0	ocr_prefix_slash_marker_candidate	medium	source_image_review_needed	Likely OCR substitute for an upward reference marker before Wylie-looking text; exact correction requires source-image review.
wts_9_m	361	36	1	wts_9_m_corrected_full.txt	corrected_text_scan	/	/	↑	upward	dan	dan	ri rab rtse dan ri sul dan / — dan mi	latin_other	0	1	0	0	standalone_marker_candidate	medium	source_image_review_needed	Standalone marker-like glyph near Wylie-looking text; exact correction requires source-image review.
wts_9_m	362	37	1	wts_9_m_corrected_full.txt	corrected_text_scan	/	/	↑	upward	tshe'i	tshe'i	mchog tu mkhas pa / tshe'i rig byed yan lag	latin_other	0	1	0	0	standalone_marker_candidate	medium	source_image_review_needed	Standalone marker-like glyph near Wylie-looking text; exact correction requires source-image review.
wts_9_m	362	69	1	wts_9_m_corrected_full.txt	corrected_text_scan	/	/	↑	upward	mkhas	mkhas	"hört?"" (Bca 4.48c); gces pa blans / — mkhas"	german_prose_with_translit	0	1	1	0	standalone_marker_candidate	medium	source_image_review_needed	Standalone marker-like glyph near Wylie-looking text; exact correction requires source-image review.
wts_9_m	365	28	4	wts_9_m_corrected_full.txt	corrected_text_scan	/	/	↑	upward	ba'i	ba'i	"du /7/// ba'i — yi ""die sman mo, die in den"	german_prose_with_translit	0	1	0	0	standalone_marker_candidate	medium	source_image_review_needed	Standalone marker-like glyph near Wylie-looking text; exact correction requires source-image review.
wts_9_m	365	33	1	wts_9_m_corrected_full.txt	corrected_text_scan	/	/	↑	upward	tshogs	tshogs	"sprul ba' sdod ~~ '/ tshogs (metr.) ""die Grup-"	german_prose_with_translit	0	1	1	0	standalone_marker_candidate	medium	source_image_review_needed	Standalone marker-like glyph near Wylie-looking text; exact correction requires source-image review.
wts_9_m	371	75	1	wts_9_m_corrected_full.txt	corrected_text_scan	/	/	↑	upward	sna	sna	smin ma{n} daṅ / sna (r. rna) rtsa daṅ rtse	latin_other	0	1	0	0	standalone_marker_candidate	medium	source_image_review_needed	Standalone marker-like glyph near Wylie-looking text; exact correction requires source-image review.
wts_9_m	372	25	1	wts_9_m_corrected_full.txt	corrected_text_scan	/	/	↑	upward	sprul	sprul	royal po'i — kyi mdzod spu nas / sprul pa'i	latin_other	0	1	0	0	standalone_marker_candidate	medium	source_image_review_needed	Standalone marker-like glyph near Wylie-looking text; exact correction requires source-image review.
wts_9_m	373	19	1	wts_9_m_corrected_full.txt	corrected_text_scan	/	/	↑	upward	bseru'i	bseru'i	smug sbrisse / bseru'i rwa lta bu Zig byas te	german_prose_with_translit	0	1	0	0	standalone_marker_candidate	medium	source_image_review_needed	Standalone marker-like glyph near Wylie-looking text; exact correction requires source-image review.
wts_9_m	375	28	2	wts_9_m_corrected_full.txt	corrected_text_scan	/	/	↑	upward	ma'i	ma'i	~ zes / brtsi ñin )7/ ma'i sme ba de / dbus su	latin_other	0	1	1	0	standalone_marker_candidate	medium	source_image_review_needed	Standalone marker-like glyph near Wylie-looking text; exact correction requires source-image review.
wts_9_m	376	13	1	wts_9_m_corrected_full.txt	corrected_text_scan	/	/	↑	upward	nas	nas	(brDa, Dagy); sme'u = rme'u yari zer / nas	german_prose_with_translit	0	1	0	0	standalone_marker_candidate	medium	source_image_review_needed	Standalone marker-like glyph near Wylie-looking text; exact correction requires source-image review.
wts_9_m	376	15	1	wts_9_m_corrected_full.txt	corrected_text_scan	/	/	↑	upward	rgyal	rgyal	yan / rgyal dbani skal bzari rgya mtsho'i gsun	latin_other	0	1	0	0	standalone_marker_candidate	medium	source_image_review_needed	Standalone marker-like glyph near Wylie-looking text; exact correction requires source-image review.
wts_9_m	378	64	1	wts_9_m_corrected_full.txt	corrected_text_scan	\.nas	\	↑	upward	.nas	nas	Lex. snon gnas (¥. \.nas Ms. L) sespa = prani-	german_prose_with_translit	0	1	0	0	ocr_prefix_backslash_marker_candidate	medium	source_image_review_needed	Likely OCR substitute for an upward reference marker before Wylie-looking text; exact correction requires source-image review.
wts_9_m	382	76	1	wts_9_m_corrected_full.txt	corrected_text_scan	Tlta	T	↑	upward	lta	lta	Tlta 2.	german_prose	0	0	1	0	ocr_prefix_T_upward_marker_candidate	medium	source_image_review_needed	Likely OCR substitute for an upward reference marker before Wylie-looking text; exact correction requires source-image review.
wts_9_m	386	38	1	wts_9_m_corrected_full.txt	corrected_text_scan	/	/	↑	upward	dan	dan	"pa dan / — dan / gdan pa ""die verschiede-"	german_prose_with_translit	0	1	0	0	standalone_marker_candidate	medium	source_image_review_needed	Standalone marker-like glyph near Wylie-looking text; exact correction requires source-image review.
wts_9_m	387	67	1	wts_9_m_corrected_full.txt	corrected_text_scan	/	/	↑	upward	btsun	btsun	"slob dpon ma ""khrul / btsun pa — ba yin"	latin_other	0	1	0	0	standalone_marker_candidate	medium	source_image_review_needed	Standalone marker-like glyph near Wylie-looking text; exact correction requires source-image review.
wts_9_m	389	6	1	wts_9_m_corrected_full.txt	corrected_text_scan	/	/	↑	upward	ran	ran	— de / ran la gan gnod pa'i spyod pa byed pa	latin_other	0	1	0	0	standalone_marker_candidate	medium	source_image_review_needed	Standalone marker-like glyph near Wylie-looking text; exact correction requires source-image review.
wts_9_m	393	7	3	wts_9_m_corrected_full.txt	corrected_text_scan	\.nas	\	↑	upward	.nas	nas	san drags — .. /0/907 ¢ 'dilas (v.\.nas) '/)༡///??	tibetan_latin_mixed	1	1	0	0	ocr_prefix_backslash_marker_candidate	high	source_image_review_needed	Likely OCR substitute for an upward reference marker before Wylie-looking text; exact correction requires source-image review.
wts_9_m	394	15	1	wts_9_m_corrected_full.txt	corrected_text_scan	/	/	↑	upward	chos	chos	pa'i cha lugs can / chos log — man du byun	latin_other	0	1	0	0	standalone_marker_candidate	medium	source_image_review_needed	Standalone marker-like glyph near Wylie-looking text; exact correction requires source-image review.
wts_9_m	394	81	1	wts_9_m_corrected_full.txt	corrected_text_scan	/	/	↑	upward	tshul	tshul	(Mvy 7593); ~ / tshul ses	german_prose_with_translit	0	1	1	0	standalone_marker_candidate	medium	source_image_review_needed	Standalone marker-like glyph near Wylie-looking text; exact correction requires source-image review.
wts_9_m	397	11	1	wts_9_m_corrected_full.txt	corrected_text_scan	/	/	↑	upward	lha	lha	gis phan tshun gros byas te — pa / lha / de	latin_other	0	1	0	0	standalone_marker_candidate	medium	source_image_review_needed	Standalone marker-like glyph near Wylie-looking text; exact correction requires source-image review.
wts_9_m	397	83	1	wts_9_m_corrected_full.txt	corrected_text_scan	/	/	↑	upward	'di'i	'di'i	bo gtsug lag gis / 'di'i gcen du mu khri btsan	latin_other	0	1	0	0	standalone_marker_candidate	medium	source_image_review_needed	Standalone marker-like glyph near Wylie-looking text; exact correction requires source-image review.
wts_9_m	397	88	1	wts_9_m_corrected_full.txt	corrected_text_scan	/	/	↑	upward	gan	gan	nisgra bsgrags sam / gan rgyal log la skad — la	latin_other	0	1	0	0	standalone_marker_candidate	medium	source_image_review_needed	Standalone marker-like glyph near Wylie-looking text; exact correction requires source-image review.
wts_9_m	399	39	2	wts_9_m_corrected_full.txt	corrected_text_scan	/	/	↑	upward	lha	lha	yin / de dag gis — pa / lha gZon nu gzugs	latin_other	0	1	0	0	standalone_marker_candidate	medium	source_image_review_needed	Standalone marker-like glyph near Wylie-looking text; exact correction requires source-image review.
wts_9_m	399	52	1	wts_9_m_corrected_full.txt	corrected_text_scan	/	/	↑	upward	snan	snan	6566); rgyal pos — pa / snan chad rdza rra	latin_other	0	1	1	0	standalone_marker_candidate	medium	source_image_review_needed	Standalone marker-like glyph near Wylie-looking text; exact correction requires source-image review.
wts_9_m	401	13	1	wts_9_m_corrected_full.txt	corrected_text_scan	/	/	↑	upward	tshig	tshig	rab btsun mo gsum bsogs nas / tshig bsad 'di	latin_other	0	1	0	0	standalone_marker_candidate	medium	source_image_review_needed	Standalone marker-like glyph near Wylie-looking text; exact correction requires source-image review.
