candidate_family	suspected_marker_source	suspected_marker_target	suspected_direction	attached_token	normalized_attached_token_candidate	context_type	suggested_action	confidence	count	volume_count	sample_refs	sample_contexts	notes
standalone_marker_candidate	/	↑	upward	dan	dan	transliteration	source_image_review_needed	medium	27	1	wts_9_m:17:60;wts_9_m:24:78;wts_9_m:29:19;wts_9_m:38:20;wts_9_m:43:34;wts_9_m:75:13;wts_9_m:75:13;wts_9_m:115:51	"dan /rta dbyans dan / — dan / pha khol dani / || ma /0/20/ dan / pha khol dan / thub dka' dani / || Lex. ma ri /5/ dan — smig royu ""dom na ri"	Standalone marker-like glyph near Wylie-looking text; exact correction requires source-image review.
standalone_marker_candidate	/	↑	upward	lha	lha	transliteration	source_image_review_needed	medium	11	1	wts_9_m:10:92;wts_9_m:68:50;wts_9_m:95:83;wts_9_m:96:78;wts_9_m:119:80;wts_9_m:126:44;wts_9_m:135:90;wts_9_m:248:36	kar du / lha gsegs ni Zal — 'tshol (metr.) || kha ru / lha srin sde brgyad skuris kha btsugs || dwags byol son dan / lha dar lha min — mams	Standalone marker-like glyph near Wylie-looking text; exact correction requires source-image review.
standalone_marker_candidate	/	↑	upward	rgyal	rgyal	transliteration	source_image_review_needed	medium	9	1	wts_9_m:44:30;wts_9_m:51:57;wts_9_m:84:76;wts_9_m:94:9;wts_9_m:137:39;wts_9_m:175:58;wts_9_m:212:31;wts_9_m:285:7	"'ons dusna 6@ 77? / /)// khyod kyari / rgyal ba de || la / rgyal po bharthā ri byun ""in einer Familie, || ga' Ziggi — yin zer mod / rgyal ba bskal bzan"	Standalone marker-like glyph near Wylie-looking text; exact correction requires source-image review.
standalone_marker_candidate	/	↑	upward	chos	chos	transliteration	source_image_review_needed	medium	8	1	wts_9_m:17:61;wts_9_m:42:40;wts_9_m:44:59;wts_9_m:126:61;wts_9_m:177:8;wts_9_m:187:41;wts_9_m:270:21;wts_9_m:394:15	"lhub dka' dan / chos ldan rab 'byor dan / ma ti || dari ldan pa 'ba' zig tn yari — kyi / chos sgrogs || der / chos thams cad dar gyis ""mithilfe dieser"	Standalone marker-like glyph near Wylie-looking text; exact correction requires source-image review.
standalone_marker_candidate	/	↑	upward	rgya	rgya	transliteration	source_image_review_needed	medium	7	1	wts_9_m:66:32;wts_9_m:66:75;wts_9_m:80:55;wts_9_m:137:75;wts_9_m:228:46;wts_9_m:260:61;wts_9_m:330:69	"nag ston rur / rgya $0'// den pan dan / nol || te / bur bsan / —""irgyal po zer te / rgya gar gyi || gzus nas — / rgya 'dul ba 'dzin pa'i slob ma"	Standalone marker-like glyph near Wylie-looking text; exact correction requires source-image review.
standalone_marker_candidate	/	↑	upward	dge	dge	transliteration	source_image_review_needed	medium	6	1	wts_9_m:19:33;wts_9_m:30:73;wts_9_m:103:12;wts_9_m:169:77;wts_9_m:306:75;wts_9_m:316:61	mthil gnas pa ltar / dge slonn — yis mthon || za ma ma yin nam / — ma yin nam / dge || mi dge las beu sparis nas su / dge ba bceu po	Standalone marker-like glyph near Wylie-looking text; exact correction requires source-image review.
standalone_marker_candidate	/	↑	upward	gzugs	gzugs	transliteration	source_image_review_needed	medium	6	1	wts_9_m:160:16;wts_9_m:205:82;wts_9_m:290:3;wts_9_m:344:36;wts_9_m:354:60;wts_9_m:354:61	"rmi lam dan / — dari / gzugs brrian dan ... || peinigte"" (K6 da 52b6); khab ni —""i / gzugs || de'i min — gzugs can stin po / — gzugs can"	Standalone marker-like glyph near Wylie-looking text; exact correction requires source-image review.
standalone_marker_candidate	/	↑	upward	dan	dan	cross_reference+transliteration	source_image_review_needed	medium	5	1	wts_9_m:75:67;wts_9_m:107:48;wts_9_m:163:32;wts_9_m:314:32;wts_9_m:321:11	"Mandala"" (Padm 28724); 9.3/// dan mu men || 10); sku la $77//?? dan sbrib skyems (r. skyem) || 12.24); yige bam ni bsgrub bya yi / — dan"	Standalone marker-like glyph near Wylie-looking text; exact correction requires source-image review.
standalone_marker_candidate	/	↑	upward	nan	nan	transliteration	source_image_review_needed	medium	5	1	wts_9_m:137:5;wts_9_m:144:32;wts_9_m:199:17;wts_9_m:280:41;wts_9_m:337:43	"Lex. bka' gdams lha //2/'/ nan tshan Zig ""ei- || rnams kun la —'i / nan pa rnams ni ... brlag || seobrgya yi/ nan du tal is phyin (metr.)"	Standalone marker-like glyph near Wylie-looking text; exact correction requires source-image review.
standalone_marker_candidate	/	↑	upward	ma'i	ma'i	transliteration	source_image_review_needed	medium	4	1	wts_9_m:32:25;wts_9_m:43:53;wts_9_m:160:20;wts_9_m:177:48	Lex. )7/ ma'i chun ma'ah zer (brDa, ähnl. || Lex. )7/ ma'i min (brDa, Dagy). || dan smigrgyu dan $,07/// ma'i pha rol tu phyin	Standalone marker-like glyph near Wylie-looking text; exact correction requires source-image review.
ocr_prefix_I_upward_marker_candidate	I	↑	upward	dan	dan	transliteration	source_image_review_needed	medium	3	1	wts_9_m:85:19;wts_9_m:199:3;wts_9_m:283:20	"yul blo-Idan hörte er geheime Mantras, er || ies pa ""er wurde als Mun-pa zer-Idan nag- || mchog ma dan 'dodIdan ma spyi la'an ""vor-"	Likely OCR substitute for an upward reference marker before Wylie-looking text; exact correction requires source-image review.
standalone_marker_candidate	/	↑	upward	bka'	bka'	transliteration	source_image_review_needed	medium	3	1	wts_9_m:290:69;wts_9_m:323:53;wts_9_m:352:16	"'bro ram sags / bka' stsal nas ""nachdem 'Br || gan nes pa'i sgor / bka' god —'o ""die An- || bka' gyod gi tshigs ci la bab pa las / bka' gyod"	Standalone marker-like glyph near Wylie-looking text; exact correction requires source-image review.
standalone_marker_candidate	/	↑	upward	btsun	btsun	transliteration	source_image_review_needed	medium	3	1	wts_9_m:72:11;wts_9_m:78:62;wts_9_m:387:67	"yan chad la / btsun mo bdun cu don lṅa yod || ba / — btsun royal ba'o ""die mkhan-bu des || slob dpon ma ""khrul / btsun pa — ba yin"	Standalone marker-like glyph near Wylie-looking text; exact correction requires source-image review.
standalone_marker_candidate	/	↑	upward	gnas	gnas	transliteration	source_image_review_needed	medium	3	1	wts_9_m:25:73;wts_9_m:155:54;wts_9_m:328:6	bcom rnam thar debZin gsegs kyi — par / gnas || dag tu ni / gnas m grüs 0/7/5 dag tu rtsub (r. || duglartsiru —s bsgyur / gnas sa na mar (r.	Standalone marker-like glyph near Wylie-looking text; exact correction requires source-image review.
standalone_marker_candidate	/	↑	upward	gtso	gtso	transliteration	source_image_review_needed	medium	3	1	wts_9_m:57:30;wts_9_m:113:63;wts_9_m:198:28	deyari rab gsal dan / — yisni / gtso bor dpal || tan mñam gnas ni / gtso bo Zes byar rab brjod || yon tan myiam gnas ni / gtso bo źes byar rab	Standalone marker-like glyph near Wylie-looking text; exact correction requires source-image review.
standalone_marker_candidate	/	↑	upward	gtsug	gtsug	transliteration	source_image_review_needed	medium	3	1	wts_9_m:68:37;wts_9_m:164:62;wts_9_m:218:23	gtsug lag (khari) dari / gtsug tor las byuni ba'i || ba 'dren pa la / gtsug lag — du btags pa || gtsari ma klu yirgyal khams su / gtsug na rin	Standalone marker-like glyph near Wylie-looking text; exact correction requires source-image review.
standalone_marker_candidate	/	↑	upward	pa'i	pa'i	transliteration	source_image_review_needed	medium	3	1	wts_9_m:268:19;wts_9_m:282:58;wts_9_m:343:79	"bu don grub bya ba de / — pa'i sku gdun ni || glai po che / = pa'i rgab tu ion Pas || ku $// / // pa'i spran po — pa (metr.) ""der Ku-"	Standalone marker-like glyph near Wylie-looking text; exact correction requires source-image review.
standalone_marker_candidate	/	↑	upward	ran	ran	transliteration	source_image_review_needed	medium	3	1	wts_9_m:162:74;wts_9_m:198:24;wts_9_m:389:6	"mtsho cher phyin na / ran gi — yani mi glei || gzugs can gyi / ran bźin 'dila jugpa na ""wenn || — de / ran la gan gnod pa'i spyod pa byed pa"	Standalone marker-like glyph near Wylie-looking text; exact correction requires source-image review.
standalone_marker_candidate	/	↑	upward	rgyan	rgyan	transliteration	source_image_review_needed	medium	3	1	wts_9_m:73:32;wts_9_m:171:50;wts_9_m:287:79	man 'ji bum pa ma dal rdzas / sa 07/?/ rgyan || ma yin / rgyan yani de 'dra yod — te (metr.) || — mug yams kyis / ?// rgyan yul rnams bred	Standalone marker-like glyph near Wylie-looking text; exact correction requires source-image review.
standalone_marker_candidate	/	↑	upward	rgyu	rgyu	transliteration	source_image_review_needed	medium	3	1	wts_9_m:220:34;wts_9_m:234:10;wts_9_m:235:83	"— dag ni bya ba smra ba dan / rgyu smra ba || rtagpa Zes bya ba'i / rgyu niciyali — ces 05//??$ || mams ni / rgyu med rkyen — ""dzum pa mi"	Standalone marker-like glyph near Wylie-looking text; exact correction requires source-image review.
standalone_marker_candidate	/	↑	upward	sna	sna	cross_reference+transliteration	source_image_review_needed	medium	3	1	wts_9_m:129:10;wts_9_m:154:58;wts_9_m:356:45	7235); ger gi bum pa ciggi nani du / — sna || srag gsum ni / sna Ipags (mychu Ipags ~ || 122,17); gto ni — bzaṅ drug dan / — sna	Standalone marker-like glyph near Wylie-looking text; exact correction requires source-image review.
standalone_marker_candidate	/	↑	upward	tshad	tshad	transliteration	source_image_review_needed	medium	3	1	wts_9_m:67:75;wts_9_m:163:91;wts_9_m:245:82	"sgrub pa yan tshad ma man bas / tshad ma || nam ni skar ma lta /?//'/ tshad kyi — yin pa || — dan / tshad ma la sogs pa bsgyur 2/?7 ""er"	Standalone marker-like glyph near Wylie-looking text; exact correction requires source-image review.
standalone_marker_candidate	/	↑	upward	yan	yan	transliteration	source_image_review_needed	medium	3	1	wts_9_m:64:57;wts_9_m:83:45;wts_9_m:115:72	"der"" (KI ka 73b7); nun nu am / — yan run || ltar — ran gi drws / yan dag gsal bar byed || dpal 'di ... g.yo ba'i sin / — yan ... yun rin"	Standalone marker-like glyph near Wylie-looking text; exact correction requires source-image review.
ocr_prefix_T_upward_marker_candidate	T	↑	upward	rgyal	rgyal	cross_reference+transliteration	source_image_review_needed	medium	2	1	wts_9_m:48:23;wts_9_m:215:53	3. Bez. für den Monat Trgyal; vgl. SCHUH || 4. Bez. für den Monat Trgyal; vgl. SCHUH	Likely OCR substitute for an upward reference marker before Wylie-looking text; exact correction requires source-image review.
standalone_marker_candidate	/	↑	upward	ba'i	ba'i	transliteration	source_image_review_needed	medium	2	1	wts_9_m:78:7;wts_9_m:365:28	"sin thog la /////? ba'i lta staris byas pas — Ihn || du /7/// ba'i — yi ""die sman mo, die in den"	Standalone marker-like glyph near Wylie-looking text; exact correction requires source-image review.
standalone_marker_candidate	/	↑	upward	chos	chos	tibetan_script+transliteration	source_image_review_needed	medium	2	1	wts_9_m:135:10;wts_9_m:196:5	"""mi ༡// chos can || serns can sdug 5247 — la / chos ([. R) རྱ"	Standalone marker-like glyph near Wylie-looking text; exact correction requires source-image review.
standalone_marker_candidate	/	↑	upward	dpa'	dpa'	cross_reference+transliteration	source_image_review_needed	medium	2	1	wts_9_m:232:15;wts_9_m:291:15	"334); bod //¿ /)/// dpa' ba dan brtul phod pa ... || ~ dan / dpa' bo maṅ po ŝi nas ""als der Heer-"	Standalone marker-like glyph near Wylie-looking text; exact correction requires source-image review.
standalone_marker_candidate	/	↑	upward	gan	gan	transliteration	source_image_review_needed	medium	2	1	wts_9_m:277:35;wts_9_m:397:88	blum po(s) chu yi ri mo ltar / gan Zig byas pa || nisgra bsgrags sam / gan rgyal log la skad — la	Standalone marker-like glyph near Wylie-looking text; exact correction requires source-image review.
standalone_marker_candidate	/	↑	upward	gans	gans	transliteration	source_image_review_needed	medium	2	1	wts_9_m:124:34;wts_9_m:351:20	gnas brtan bcu drug gis skyon ste / gans || dbus gtsari ru bi / gans (ri)... thams cad	Standalone marker-like glyph near Wylie-looking text; exact correction requires source-image review.
standalone_marker_candidate	/	↑	upward	gnas	gnas	cross_reference+transliteration	source_image_review_needed	medium	2	1	wts_9_m:100:52;wts_9_m:106:10	ji sñed skye ba' Siri rta nam du yati / ~ gnas || 56,28); rtsa 7-/ '/ gnas bsrun mia' 'gro ma yin	Standalone marker-like glyph near Wylie-looking text; exact correction requires source-image review.
standalone_marker_candidate	/	↑	upward	lha'i	lha'i	transliteration	source_image_review_needed	medium	2	1	wts_9_m:225:22;wts_9_m:274:43	"kyi lte ba la / lha'i gźal yas khani ""ein Göt- || ste / lha'i ?¡ ni sras po bźugs ""am anderen Ufer"	Standalone marker-like glyph near Wylie-looking text; exact correction requires source-image review.
standalone_marker_candidate	/	↑	upward	lta	lta	cross_reference+transliteration	source_image_review_needed	medium	2	1	wts_9_m:89:36;wts_9_m:154:47	"19); spyod pa ni — 'dzegs Sig / lta ba ni yas dan 'grogs pas ""die Rsis erteilten ihnen die || mdo/ lta ba ~ mig rno yaṅ ... khyodgyisgana"	Standalone marker-like glyph near Wylie-looking text; exact correction requires source-image review.
standalone_marker_candidate	/	↑	upward	lta	lta	transliteration	source_image_review_needed	medium	2	1	wts_9_m:71:51;wts_9_m:179:6	"cin / lta baston pa'i gZun ... — sogs dan ""in der || ya mtsho'i phyi rol lcags kyiri bo yis / — lta"	Standalone marker-like glyph near Wylie-looking text; exact correction requires source-image review.
standalone_marker_candidate	/	↑	upward	lto	lto	transliteration	source_image_review_needed	medium	2	1	wts_9_m:126:45;wts_9_m:175:4	mi'am ci dan / lto 'phye chen po daṅ / m || mi am ci mams dan / lto 'phye chen po rnams	Standalone marker-like glyph near Wylie-looking text; exact correction requires source-image review.
standalone_marker_candidate	/	↑	upward	nas	nas	transliteration	source_image_review_needed	medium	2	1	wts_9_m:151:44;wts_9_m:376:13	'dul ba' ///)? nas bsad pa'i khari pa — byas || (brDa, Dagy); sme'u = rme'u yari zer / nas	Standalone marker-like glyph near Wylie-looking text; exact correction requires source-image review.
standalone_marker_candidate	/	↑	upward	rgya	rgya	cross_reference+transliteration	source_image_review_needed	medium	2	1	wts_9_m:68:32;wts_9_m:199:52	"ben"" (dPe 180,7); — dan / rgya gar du ... yi || 102,26); — dan / rgya mtsho'i gtin rum lta"	Standalone marker-like glyph near Wylie-looking text; exact correction requires source-image review.
standalone_marker_candidate	/	↑	upward	rgyas	rgyas	transliteration	source_image_review_needed	medium	2	1	wts_9_m:211:28;wts_9_m:245:60	"ig rten du byon tshe / — rgyas ""als Buddha || dga’ — la ni / rgyas pa yoris chags rnam par"	Standalone marker-like glyph near Wylie-looking text; exact correction requires source-image review.
standalone_marker_candidate	/	↑	upward	sgra	sgra	cross_reference+transliteration	source_image_review_needed	medium	2	1	wts_9_m:200:18;wts_9_m:231:68	"khyab ""ug daṅ / ~ sgra nan skya bsen bu || der Laut"" (Bu 756,5); ?//? sgra 'on ste de /7/¿/"	Standalone marker-like glyph near Wylie-looking text; exact correction requires source-image review.
standalone_marker_candidate	/	↑	upward	sgra	sgra	transliteration	source_image_review_needed	medium	2	1	wts_9_m:131:13;wts_9_m:282:43	ran nas 'phog pa daṅ / sgra grag par 'phog || yil/ sgra rnanis Jam pa' dbyans byed tshul	Standalone marker-like glyph near Wylie-looking text; exact correction requires source-image review.
standalone_marker_candidate	/	↑	upward	spyod	spyod	transliteration	source_image_review_needed	medium	2	1	wts_9_m:175:18;wts_9_m:186:62	"mtho ris su /// spyod byed pa (metr.) ""sie zie- || — gi dge sbyon dan / bram ze dan / spyod"	Standalone marker-like glyph near Wylie-looking text; exact correction requires source-image review.
standalone_marker_candidate	/	↑	upward	tshul	tshul	cross_reference+transliteration	source_image_review_needed	medium	2	1	wts_9_m:277:59;wts_9_m:394:81	[ist heilsam]* (Ahs 1.5.8d); ~'/ tshul is || (Mvy 7593); ~ / tshul ses	Standalone marker-like glyph near Wylie-looking text; exact correction requires source-image review.
standalone_marker_candidate	/	↑	upward	yani	yani	transliteration	source_image_review_needed	medium	2	1	wts_9_m:114:22;wts_9_m:164:58	grogs po phan par 'dod pa'i tshig / — yani || rag Sis sdom pa phob nas / — yani blo gros	Standalone marker-like glyph near Wylie-looking text; exact correction requires source-image review.
ocr_prefix_I_upward_marker_candidate	I	↑	upward	dan	dan	cross_reference+transliteration	source_image_review_needed	medium	1	1	wts_9_m:199:16	"drun zer-Idan"" (gZer 506,5); — / lcags mkhar"	Likely OCR substitute for an upward reference marker before Wylie-looking text; exact correction requires source-image review.
ocr_prefix_I_upward_marker_candidate	I	↑	upward	gan	gan	transliteration	source_image_review_needed	medium	1	1	wts_9_m:249:59	Lex. — ni... pho yi Igan ba'ii nad rnams la /	Likely OCR substitute for an upward reference marker before Wylie-looking text; exact correction requires source-image review.
ocr_prefix_I_upward_marker_candidate	I	↑	upward	gani	gani	cross_reference+transliteration	source_image_review_needed	medium	1	1	wts_9_m:133:17	141); chn so Igani pa'i kha — par na 2/??	Likely OCR substitute for an upward reference marker before Wylie-looking text; exact correction requires source-image review.
ocr_prefix_I_upward_marker_candidate	I	↑	upward	ha'i	ha'i	headword+tibetan_script+transliteration	source_image_review_needed	high	1	1	wts_9_m:193:20	༦ der Göttin dGra-Iha'i rgyal-mo (Neb	Likely OCR substitute for an upward reference marker before Wylie-looking text; exact correction requires source-image review.
ocr_prefix_I_upward_marker_candidate	I	↑	upward	nas	nas	transliteration	source_image_review_needed	medium	1	1	wts_9_m:76:6	ma'i sa las ma 'dal dan / sa tshon sna Inas	Likely OCR substitute for an upward reference marker before Wylie-looking text; exact correction requires source-image review.
ocr_prefix_I_upward_marker_candidate	I	↑	upward	ran	ran	cross_reference	source_image_review_needed	medium	1	1	wts_9_m:212:15	blut; vgl. Iran byun me tog.	Likely OCR substitute for an upward reference marker before Wylie-looking text; exact correction requires source-image review.
ocr_prefix_I_upward_marker_candidate	I	↑	upward	yan	yan	cross_reference	source_image_review_needed	medium	1	1	wts_9_m:140:81	1. Bez. für die Gliedmaßen (vgl. Iyan lag)	Likely OCR substitute for an upward reference marker before Wylie-looking text; exact correction requires source-image review.
ocr_prefix_T_upward_marker_candidate	T	↑	upward	dge	dge	cross_reference+transliteration	source_image_review_needed	medium	1	1	wts_9_m:57:22	ka; vgl. Tdge 'dun phal chen.	Likely OCR substitute for an upward reference marker before Wylie-looking text; exact correction requires source-image review.
ocr_prefix_T_upward_marker_candidate	T	↑	upward	ha'i	ha'i	transliteration	source_image_review_needed	medium	1	1	wts_9_m:285:28	kam, floh der Kaiser Tha'i dzun nach śen-	Likely OCR substitute for an upward reference marker before Wylie-looking text; exact correction requires source-image review.
ocr_prefix_T_upward_marker_candidate	T	↑	upward	hal-mchog-glin	hal-mchog-glin	transliteration	source_image_review_needed	medium	1	1	wts_9_m:55:73	stod skyid-phug und Thal-mchog-glin (Neb	Likely OCR substitute for an upward reference marker before Wylie-looking text; exact correction requires source-image review.
ocr_prefix_T_upward_marker_candidate	T	↑	upward	lta	lta	cross_reference	source_image_review_needed	medium	1	1	wts_9_m:382:76	Tlta 2.	Likely OCR substitute for an upward reference marker before Wylie-looking text; exact correction requires source-image review.
ocr_prefix_T_upward_marker_candidate	T	↑	upward	melha'i	melha'i	headword+tibetan_script+transliteration	source_image_review_needed	high	1	1	wts_9_m:237:36	མིའི་ཕྱོགས་ me'i phyogs Tmelha'i phyogs.	Likely OCR substitute for an upward reference marker before Wylie-looking text; exact correction requires source-image review.
ocr_prefix_T_upward_marker_candidate	T	↑	upward	rgya	rgya	cross_reference+transliteration	source_image_review_needed	medium	1	1	wts_9_m:208:7	Schun 2012: 1523; vgl. Trgya mtsho 2, T'me	Likely OCR substitute for an upward reference marker before Wylie-looking text; exact correction requires source-image review.
ocr_prefix_T_upward_marker_candidate	T	↑	upward	sgra	sgra	cross_reference+transliteration	source_image_review_needed	medium	1	1	wts_9_m:198:37	2. Bez. für Rähu, den Mondknoten Tsgra	Likely OCR substitute for an upward reference marker before Wylie-looking text; exact correction requires source-image review.
ocr_prefix_T_upward_marker_candidate	T	↑	upward	shes-spon-gza'	shes-spon-gza'	transliteration	source_image_review_needed	medium	1	1	wts_9_m:213:56	Tshes-spon-gza' Me-tog-sgron ihm [vergif-	Likely OCR substitute for an upward reference marker before Wylie-looking text; exact correction requires source-image review.
ocr_prefix_T_upward_marker_candidate	T	↑	upward	sho-sna	sho-sna	cross_reference+transliteration	source_image_review_needed	medium	1	1	wts_9_m:257:65	"Mon mTsho-sna usw."" ( Dzam 35,7); dei lho"	Likely OCR substitute for an upward reference marker before Wylie-looking text; exact correction requires source-image review.
ocr_prefix_T_upward_marker_candidate	T	↑	upward	shur-btsun	shur-btsun	transliteration	source_image_review_needed	medium	1	1	wts_9_m:78:65	mchog rgyal-ba, m'Tshur-btsun rgyal-ba und	Likely OCR substitute for an upward reference marker before Wylie-looking text; exact correction requires source-image review.
ocr_prefix_T_upward_marker_candidate	T	↑	upward	spyan	spyan	cross_reference+transliteration	source_image_review_needed	medium	1	1	wts_9_m:160:51	anschauen; vgl. Tspyan ras.	Likely OCR substitute for an upward reference marker before Wylie-looking text; exact correction requires source-image review.
ocr_prefix_T_upward_marker_candidate	T	↑	upward	sug-lde-btsan	sug-lde-btsan	transliteration	source_image_review_needed	medium	1	1	wts_9_m:241:7	und Khri gTsug-lde-btsan alias Ral-pa-can.	Likely OCR substitute for an upward reference marker before Wylie-looking text; exact correction requires source-image review.
ocr_prefix_backslash_marker_candidate	\	↑	upward	.gyurpa'i	gyurpa'i	transliteration	source_image_review_needed	medium	1	1	wts_9_m:283:13	ba'i (v.\.gyurpa'i) btun ba spon ba = madya-	Likely OCR substitute for an upward reference marker before Wylie-looking text; exact correction requires source-image review.
ocr_prefix_backslash_marker_candidate	\	↑	upward	.nas	nas	tibetan_script+transliteration	source_image_review_needed	high	1	1	wts_9_m:393:7	san drags — .. /0/907 ¢ 'dilas (v.\.nas) '/)༡///??	Likely OCR substitute for an upward reference marker before Wylie-looking text; exact correction requires source-image review.
ocr_prefix_backslash_marker_candidate	\	↑	upward	.nas	nas	transliteration	source_image_review_needed	medium	1	1	wts_9_m:378:64	Lex. snon gnas (¥. \.nas Ms. L) sespa = prani-	Likely OCR substitute for an upward reference marker before Wylie-looking text; exact correction requires source-image review.
ocr_prefix_slash_marker_candidate	/	↑	upward	ha'i	ha'i	transliteration	source_image_review_needed	medium	1	1	wts_9_m:220:12	Lex. /ha'i bu mo (brDa, Dagy).	Likely OCR substitute for an upward reference marker before Wylie-looking text; exact correction requires source-image review.
ocr_prefix_slash_marker_candidate	/	↑	upward	mtsboga'i	mtsboga'i	cross_reference+transliteration	source_image_review_needed	medium	1	1	wts_9_m:286:13	"daten gewährt"" (In N40); ~ nm' /mtsboga'i"	Likely OCR substitute for an upward reference marker before Wylie-looking text; exact correction requires source-image review.
ocr_prefix_slash_marker_candidate	/	↑	upward	rgya	rgya	cross_reference+transliteration	source_image_review_needed	medium	1	1	wts_9_m:112:67	"ñag-ga"" (Debm 1426); Sartsonkha/rgya ~la"	Likely OCR substitute for an upward reference marker before Wylie-looking text; exact correction requires source-image review.
ocr_prefix_slash_marker_candidate	/	↑	upward	rgyanagnas	rgyanagnas	transliteration	source_image_review_needed	medium	1	1	wts_9_m:357:93	"su /rgyanagnas — dan rtsis byun ""zur Zeit"	Likely OCR substitute for an upward reference marker before Wylie-looking text; exact correction requires source-image review.
standalone_marker_candidate	/	↑	upward	'di'i	'di'i	transliteration	source_image_review_needed	medium	1	1	wts_9_m:397:83	bo gtsug lag gis / 'di'i gcen du mu khri btsan	Standalone marker-like glyph near Wylie-looking text; exact correction requires source-image review.
standalone_marker_candidate	/	↑	upward	'dra'i	'dra'i	cross_reference+transliteration	source_image_review_needed	medium	1	1	wts_9_m:103:65	"hat"" (Kdsg 38,4); '¿// 'dra'i rten 'brel mi son"	Standalone marker-like glyph near Wylie-looking text; exact correction requires source-image review.
standalone_marker_candidate	/	↑	upward	'i	'i	transliteration	source_image_review_needed	medium	1	1	wts_9_m:258:80	sum pa (727/7 na garbas / —'i lha khan bier	Standalone marker-like glyph near Wylie-looking text; exact correction requires source-image review.
standalone_marker_candidate	/	↑	upward	'tsho	'tsho	cross_reference+transliteration	source_image_review_needed	medium	1	1	wts_9_m:70:45	"ren"" (PT1287 175); — gis bskal sogs / 'tsho"	Standalone marker-like glyph near Wylie-looking text; exact correction requires source-image review.
standalone_marker_candidate	/	↑	upward	bka	bka	transliteration	source_image_review_needed	medium	1	1	wts_9_m:290:61	blon stag sgra klu khon grüs / bka stsaldte Mi.	Standalone marker-like glyph near Wylie-looking text; exact correction requires source-image review.
standalone_marker_candidate	/	↑	upward	brgyad	brgyad	transliteration	source_image_review_needed	medium	1	1	wts_9_m:36:17	"te / — brgyad la rjes su gtad nas ""Suvarna-"	Standalone marker-like glyph near Wylie-looking text; exact correction requires source-image review.
standalone_marker_candidate	/	↑	upward	bseru'i	bseru'i	transliteration	source_image_review_needed	medium	1	1	wts_9_m:373:19	smug sbrisse / bseru'i rwa lta bu Zig byas te	Standalone marker-like glyph near Wylie-looking text; exact correction requires source-image review.
standalone_marker_candidate	/	↑	upward	bstan	bstan	transliteration	source_image_review_needed	medium	1	1	wts_9_m:100:57	phonis kyi las la yens nas / bstan pa'! bon ñan	Standalone marker-like glyph near Wylie-looking text; exact correction requires source-image review.
standalone_marker_candidate	/	↑	upward	btsan	btsan	transliteration	source_image_review_needed	medium	1	1	wts_9_m:200:73	"— / btsan po'i khab du blans ""Mun-Sen kon"	Standalone marker-like glyph near Wylie-looking text; exact correction requires source-image review.
standalone_marker_candidate	/	↑	upward	btsir	btsir	transliteration	source_image_review_needed	medium	1	1	wts_9_m:10:30	"pa dan / — btsir ba dag ""|wenn] die Se-"	Standalone marker-like glyph near Wylie-looking text; exact correction requires source-image review.
standalone_marker_candidate	/	↑	upward	btsum	btsum	transliteration	source_image_review_needed	medium	1	1	wts_9_m:241:8	- / btsum mo bka' yi thari yig bstan par	Standalone marker-like glyph near Wylie-looking text; exact correction requires source-image review.
standalone_marker_candidate	/	↑	upward	btsun	btsun	tibetan_script+transliteration	source_image_review_needed	medium	1	1	wts_9_m:53:73	deya (1, ༡//) -nasbanrgan 'khrullam / btsun	Standalone marker-like glyph near Wylie-looking text; exact correction requires source-image review.
standalone_marker_candidate	/	↑	upward	bu'i	bu'i	transliteration	source_image_review_needed	medium	1	1	wts_9_m:266:34	"mo'n 'gal 02// bu'i Zabs rjes ""ein Fußßabdruck"	Standalone marker-like glyph near Wylie-looking text; exact correction requires source-image review.
standalone_marker_candidate	/	↑	upward	bya'i	bya'i	transliteration	source_image_review_needed	medium	1	1	wts_9_m:353:55	— sgani gsum Zih daṅ 'dra ste / bya'i glin du	Standalone marker-like glyph near Wylie-looking text; exact correction requires source-image review.
standalone_marker_candidate	/	↑	upward	chos	chos	cross_reference+transliteration	source_image_review_needed	medium	1	1	wts_9_m:216:79	194); bun bas — bzin / chos kyi don tsan	Standalone marker-like glyph near Wylie-looking text; exact correction requires source-image review.
standalone_marker_candidate	/	↑	upward	chosla	chosla	transliteration	source_image_review_needed	medium	1	1	wts_9_m:320:44	bo /7//7 kyi nes par bkal gis / chosla — gab	Standalone marker-like glyph near Wylie-looking text; exact correction requires source-image review.
standalone_marker_candidate	/	↑	upward	dbya'	dbya'	transliteration	source_image_review_needed	medium	1	1	wts_9_m:78:60	than gi rgyal ba gsum bya ba / dbya' btsun	Standalone marker-like glyph near Wylie-looking text; exact correction requires source-image review.
standalone_marker_candidate	/	↑	upward	dbyi	dbyi	transliteration	source_image_review_needed	medium	1	1	wts_9_m:330:65	gor ma dkar po dros ni / dbyi tshab kyi mchad	Standalone marker-like glyph near Wylie-looking text; exact correction requires source-image review.
standalone_marker_candidate	/	↑	upward	dbyibs	dbyibs	transliteration	source_image_review_needed	medium	1	1	wts_9_m:105:8	"dan glin //7// dbyibs su gnas pa ""der glorrei-"	Standalone marker-like glyph near Wylie-looking text; exact correction requires source-image review.
standalone_marker_candidate	/	↑	upward	dbyins	dbyins	transliteration	source_image_review_needed	medium	1	1	wts_9_m:269:15	od zer gsum du byuri nas / dbyins su mya ṅan	Standalone marker-like glyph near Wylie-looking text; exact correction requires source-image review.
standalone_marker_candidate	/	↑	upward	de'i	de'i	cross_reference+transliteration	source_image_review_needed	medium	1	1	wts_9_m:30:53	2,14); käsa se na / dei bu ~ / de'i bu ra thī ka	Standalone marker-like glyph near Wylie-looking text; exact correction requires source-image review.
standalone_marker_candidate	/	↑	upward	dga'a	dga'a	transliteration	source_image_review_needed	medium	1	1	wts_9_m:269:71	bo'i sde / dga'a bo padma che ste bZi (metr.)	Standalone marker-like glyph near Wylie-looking text; exact correction requires source-image review.
standalone_marker_candidate	/	↑	upward	dge	dge	cross_reference+transliteration	source_image_review_needed	medium	1	1	wts_9_m:254:9	de dag gi sar du ... ~ / ña mtsho / dge rtse	Standalone marker-like glyph near Wylie-looking text; exact correction requires source-image review.
standalone_marker_candidate	/	↑	upward	dgon	dgon	transliteration	source_image_review_needed	medium	1	1	wts_9_m:349:30	kha'i khons su yu gur rta mgo dgon / — dgon	Standalone marker-like glyph near Wylie-looking text; exact correction requires source-image review.
standalone_marker_candidate	/	↑	upward	dgos	dgos	transliteration	source_image_review_needed	medium	1	1	wts_9_m:276:32	gzu lums can gyi spyod pa mams / dgos pa —	Standalone marker-like glyph near Wylie-looking text; exact correction requires source-image review.
standalone_marker_candidate	/	↑	upward	dpa'	dpa'	transliteration	source_image_review_needed	medium	1	1	wts_9_m:290:24	dud kyi / dpa' bo'i — kun gyi spro ba (metr.)	Standalone marker-like glyph near Wylie-looking text; exact correction requires source-image review.
standalone_marker_candidate	/	↑	upward	dpag	dpag	transliteration	source_image_review_needed	medium	1	1	wts_9_m:199:11	byan phyogs $// dpag tshad geig broya dan	Standalone marker-like glyph near Wylie-looking text; exact correction requires source-image review.
standalone_marker_candidate	/	↑	upward	dpal	dpal	transliteration	source_image_review_needed	medium	1	1	wts_9_m:257:37	lha sras gtsan ma / dpal (r. spa) gro — la	Standalone marker-like glyph near Wylie-looking text; exact correction requires source-image review.
standalone_marker_candidate	/	↑	upward	dpani	dpani	transliteration	source_image_review_needed	medium	1	1	wts_9_m:126:37	myi ma yin pa thams cad kyari / dpani du	Standalone marker-like glyph near Wylie-looking text; exact correction requires source-image review.
standalone_marker_candidate	/	↑	upward	gan	gan	cross_reference+transliteration	source_image_review_needed	medium	1	1	wts_9_m:194:14	"Lex. g.yo zol / gan gi ~$ rari nyid bslu ""be-"	Standalone marker-like glyph near Wylie-looking text; exact correction requires source-image review.
standalone_marker_candidate	/	↑	upward	ganis	ganis	cross_reference+transliteration	source_image_review_needed	medium	1	1	wts_9_m:273:37	"52,13); lho brag phn la ha 7-/""/ ganis dan / — ha"	Standalone marker-like glyph near Wylie-looking text; exact correction requires source-image review.
standalone_marker_candidate	/	↑	upward	gza'	gza'	transliteration	source_image_review_needed	medium	1	1	wts_9_m:67:55	lha mthothorisnan btsan no / (Gl. la ///)? gza'	Standalone marker-like glyph near Wylie-looking text; exact correction requires source-image review.
standalone_marker_candidate	/	↑	upward	gzan	gzan	transliteration	source_image_review_needed	medium	1	1	wts_9_m:87:50	"Lex. )77/ gzan mal gos yo byad ""Bettdecke,"	Standalone marker-like glyph near Wylie-looking text; exact correction requires source-image review.
standalone_marker_candidate	/	↑	upward	gzi	gzi	transliteration	source_image_review_needed	medium	1	1	wts_9_m:87:13	nas / rdo rje bsnun pas / gzi chen gyis khye'u	Standalone marker-like glyph near Wylie-looking text; exact correction requires source-image review.
standalone_marker_candidate	/	↑	upward	gzod	gzod	cross_reference+transliteration	source_image_review_needed	medium	1	1	wts_9_m:142:20	(gZer 653,2); khyod la rdzun zer na / gzod	Standalone marker-like glyph near Wylie-looking text; exact correction requires source-image review.
standalone_marker_candidate	/	↑	upward	gzugsbriiandan	gzugsbriiandan	transliteration	source_image_review_needed	medium	1	1	wts_9_m:335:63	dan / migyor dan / gzugsbriiandan ...lta bur	Standalone marker-like glyph near Wylie-looking text; exact correction requires source-image review.
standalone_marker_candidate	/	↑	upward	karpo'i	karpo'i	transliteration	source_image_review_needed	medium	1	1	wts_9_m:162:53	"gcen rgyal po / karpo'i myin myi rlag par ""da"	Standalone marker-like glyph near Wylie-looking text; exact correction requires source-image review.
standalone_marker_candidate	/	↑	upward	katya'i	katya'i	transliteration	source_image_review_needed	medium	1	1	wts_9_m:187:60	skra'i la ba can / katya'i bu nog can / gcer	Standalone marker-like glyph near Wylie-looking text; exact correction requires source-image review.
standalone_marker_candidate	/	↑	upward	kha'i	kha'i	transliteration	source_image_review_needed	medium	1	1	wts_9_m:343:60	phyi ishar la ... '0/ kha'i rnal 'byor chos g.yini /	Standalone marker-like glyph near Wylie-looking text; exact correction requires source-image review.
standalone_marker_candidate	/	↑	upward	lala'i	lala'i	cross_reference+transliteration	source_image_review_needed	medium	1	1	wts_9_m:357:68	10.572); 'phags pa klu sgrub gun / lala'i —	Standalone marker-like glyph near Wylie-looking text; exact correction requires source-image review.
standalone_marker_candidate	/	↑	upward	ldog	ldog	transliteration	source_image_review_needed	medium	1	1	wts_9_m:345:16	Lex. giid khug pa 977/¢/ ldog pa (brDa).	Standalone marker-like glyph near Wylie-looking text; exact correction requires source-image review.
standalone_marker_candidate	/	↑	upward	lha	lha	cross_reference+transliteration	source_image_review_needed	medium	1	1	wts_9_m:178:72	Zari Zun gi yul nas khyun po ~ daṅ / lha	Standalone marker-like glyph near Wylie-looking text; exact correction requires source-image review.
standalone_marker_candidate	/	↑	upward	lhag	lhag	cross_reference+transliteration	source_image_review_needed	medium	1	1	wts_9_m:101:57	30.2); dge slor ... byis pa — / lhag pa'i na	Standalone marker-like glyph near Wylie-looking text; exact correction requires source-image review.
standalone_marker_candidate	/	↑	upward	lhags	lhags	transliteration	source_image_review_needed	medium	1	1	wts_9_m:239:71	(r. mi) spun pha bu sogs / lhags pa ltar du 'debs	Standalone marker-like glyph near Wylie-looking text; exact correction requires source-image review.
standalone_marker_candidate	/	↑	upward	lham	lham	transliteration	source_image_review_needed	medium	1	1	wts_9_m:319:50	Lex. tha ga pa / lham mkhan ... rus gcig pa	Standalone marker-like glyph near Wylie-looking text; exact correction requires source-image review.
standalone_marker_candidate	/	↑	upward	lho'i	lho'i	transliteration	source_image_review_needed	medium	1	1	wts_9_m:228:13	"drei"" (brDa); khbyimgyi me dan / lho'i me dan"	Standalone marker-like glyph near Wylie-looking text; exact correction requires source-image review.
standalone_marker_candidate	/	↑	upward	ma'i	ma'i	cross_reference+transliteration	source_image_review_needed	medium	1	1	wts_9_m:375:28	~ zes / brtsi ñin )7/ ma'i sme ba de / dbus su	Standalone marker-like glyph near Wylie-looking text; exact correction requires source-image review.
standalone_marker_candidate	/	↑	upward	mchil	mchil	cross_reference+transliteration	source_image_review_needed	medium	1	1	wts_9_m:133:28	7077 ??70)75 Ra pas btab pa yi / mchil pa 'di ni	Standalone marker-like glyph near Wylie-looking text; exact correction requires source-image review.
standalone_marker_candidate	/	↑	upward	mchog	mchog	transliteration	source_image_review_needed	medium	1	1	wts_9_m:305:28	'og (r. gtsod) gi dun ru — 'di / mchog dkar	Standalone marker-like glyph near Wylie-looking text; exact correction requires source-image review.
standalone_marker_candidate	/	↑	upward	mgo	mgo	transliteration	source_image_review_needed	medium	1	1	wts_9_m:28:68	"ni — g.yu miitsho gnas chen ñer /?2/""/ mgo /"	Standalone marker-like glyph near Wylie-looking text; exact correction requires source-image review.
standalone_marker_candidate	/	↑	upward	mgos	mgos	cross_reference+transliteration	source_image_review_needed	medium	1	1	wts_9_m:109:26	rgyalpo la / ~ mgos (r.mgo ) byas pa'! (metr.)	Standalone marker-like glyph near Wylie-looking text; exact correction requires source-image review.
standalone_marker_candidate	/	↑	upward	mkha'	mkha'	transliteration	source_image_review_needed	medium	1	1	wts_9_m:327:34	gai tsha bas gduns gyur kyari / mkha' dkyil	Standalone marker-like glyph near Wylie-looking text; exact correction requires source-image review.
standalone_marker_candidate	/	↑	upward	mkhan	mkhan	transliteration	source_image_review_needed	medium	1	1	wts_9_m:177:64	"poimin) mis byin bu = (/?/?/ 0/// mkhan ""Sän-"	Standalone marker-like glyph near Wylie-looking text; exact correction requires source-image review.
standalone_marker_candidate	/	↑	upward	mkhas	mkhas	cross_reference+transliteration	source_image_review_needed	medium	1	1	wts_9_m:362:69	"hört?"" (Bca 4.48c); gces pa blans / — mkhas"	Standalone marker-like glyph near Wylie-looking text; exact correction requires source-image review.
standalone_marker_candidate	/	↑	upward	mkhris	mkhris	transliteration	source_image_review_needed	medium	1	1	wts_9_m:58:9	"mo' gein / mkhris bskyed (metr.) ""Kuhurin"	Standalone marker-like glyph near Wylie-looking text; exact correction requires source-image review.
standalone_marker_candidate	/	↑	upward	mkhyen	mkhyen	transliteration	source_image_review_needed	medium	1	1	wts_9_m:341:61	par mdzad pa ste / mkhyen bZin du — pa /	Standalone marker-like glyph near Wylie-looking text; exact correction requires source-image review.
standalone_marker_candidate	/	↑	upward	nan	nan	cross_reference+transliteration	source_image_review_needed	medium	1	1	wts_9_m:259:10	"1: 272,2); !ho mon 07// nan 'khrug ""die in-"	Standalone marker-like glyph near Wylie-looking text; exact correction requires source-image review.
standalone_marker_candidate	/	↑	upward	nas	nas	cross_reference+transliteration	source_image_review_needed	medium	1	1	wts_9_m:310:8	"sa bon ñid / ~ nas (metr.) ""man stellt sich"	Standalone marker-like glyph near Wylie-looking text; exact correction requires source-image review.
standalone_marker_candidate	/	↑	upward	nas	nas	tibetan_script+transliteration	source_image_review_needed	medium	1	1	wts_9_m:101:25	"mi yi /0ཉ7)/// nas phud (metr.) ""er wurde aus"	Standalone marker-like glyph near Wylie-looking text; exact correction requires source-image review.
standalone_marker_candidate	/	↑	upward	pa'i	pa'i	cross_reference+transliteration	source_image_review_needed	medium	1	1	wts_9_m:352:40	(Prav 155,9); bsdigs pa'i las dari / — pa'i las	Standalone marker-like glyph near Wylie-looking text; exact correction requires source-image review.
standalone_marker_candidate	/	↑	upward	ran	ran	cross_reference+transliteration	source_image_review_needed	medium	1	1	wts_9_m:187:76	503); Han thos daṅ / ran saris reyas dan / — pa	Standalone marker-like glyph near Wylie-looking text; exact correction requires source-image review.
standalone_marker_candidate	/	↑	upward	rdo'i	rdo'i	transliteration	source_image_review_needed	medium	1	1	wts_9_m:184:47	sel dan / spug dan / — dan / rdo'i sun po	Standalone marker-like glyph near Wylie-looking text; exact correction requires source-image review.
standalone_marker_candidate	/	↑	upward	rgyal	rgyal	cross_reference+transliteration	source_image_review_needed	medium	1	1	wts_9_m:96:23	"Leuten Gold mit"" (Bu-śz 86,2); ~""/ rgyal"	Standalone marker-like glyph near Wylie-looking text; exact correction requires source-image review.
standalone_marker_candidate	/	↑	upward	rgyani	rgyani	transliteration	source_image_review_needed	medium	1	1	wts_9_m:127:10	po gsad pa'i sdig bsegs (r. bsags) su / rgyani	Standalone marker-like glyph near Wylie-looking text; exact correction requires source-image review.
standalone_marker_candidate	/	↑	upward	rgynd	rgynd	tibetan_script+transliteration	source_image_review_needed	medium	1	1	wts_9_m:105:69	mi brgyud auch mi roynd, ༡///7/ rgynd	Standalone marker-like glyph near Wylie-looking text; exact correction requires source-image review.
standalone_marker_candidate	/	↑	upward	rgyud	rgyud	cross_reference+transliteration	source_image_review_needed	medium	1	1	wts_9_m:350:5	166,17); grwa sa chen po /?7/ / rgyud stod —	Standalone marker-like glyph near Wylie-looking text; exact correction requires source-image review.
standalone_marker_candidate	/	↑	upward	rgyun	rgyun	transliteration	source_image_review_needed	medium	1	1	wts_9_m:279:67	de lta bu Se dag la skyo ma śes nas / rgyun	Standalone marker-like glyph near Wylie-looking text; exact correction requires source-image review.
standalone_marker_candidate	/	↑	upward	rgyus	rgyus	transliteration	source_image_review_needed	medium	1	1	wts_9_m:92:63	khab kyis ni ma pug na / rgyus kyis ni re myi	Standalone marker-like glyph near Wylie-looking text; exact correction requires source-image review.
standalone_marker_candidate	/	↑	upward	rje	rje	cross_reference+transliteration	source_image_review_needed	medium	1	1	wts_9_m:140:25	34,20); grub thob na ro bon chun dan / rje	Standalone marker-like glyph near Wylie-looking text; exact correction requires source-image review.
standalone_marker_candidate	/	↑	upward	rje	rje	transliteration	source_image_review_needed	medium	1	1	wts_9_m:138:27	— /2/ = royal rigs / rje rigs / bram ze'i rigs /	Standalone marker-like glyph near Wylie-looking text; exact correction requires source-image review.
standalone_marker_candidate	/	↑	upward	rjes	rjes	transliteration	source_image_review_needed	medium	1	1	wts_9_m:333:34	57/7/ rjes thugs bskyed smon lam rmad byun	Standalone marker-like glyph near Wylie-looking text; exact correction requires source-image review.
standalone_marker_candidate	/	↑	upward	sgrol	sgrol	cross_reference+transliteration	source_image_review_needed	medium	1	1	wts_9_m:86:63	de'i slob ma ~s / bdemchogdan / sgrol ma ñi	Standalone marker-like glyph near Wylie-looking text; exact correction requires source-image review.
standalone_marker_candidate	/	↑	upward	sgrub	sgrub	cross_reference+transliteration	source_image_review_needed	medium	1	1	wts_9_m:140:30	"bare Höhle"" (Ganisri 480,4); ~-""/ sgrub gnas"	Standalone marker-like glyph near Wylie-looking text; exact correction requires source-image review.
standalone_marker_candidate	/	↑	upward	si'i	si'i	cross_reference+transliteration	source_image_review_needed	medium	1	1	wts_9_m:103:84	"~ /7/ si'i phyed kyis brgyan (metr.) ""er ist"	Standalone marker-like glyph near Wylie-looking text; exact correction requires source-image review.
standalone_marker_candidate	/	↑	upward	skra'i	skra'i	transliteration	source_image_review_needed	medium	1	1	wts_9_m:123:38	pham źes bya ba ni ran gi min yin la / skra'i	Standalone marker-like glyph near Wylie-looking text; exact correction requires source-image review.
standalone_marker_candidate	/	↑	upward	sna	sna	transliteration	source_image_review_needed	medium	1	1	wts_9_m:371:75	smin ma{n} daṅ / sna (r. rna) rtsa daṅ rtse	Standalone marker-like glyph near Wylie-looking text; exact correction requires source-image review.
standalone_marker_candidate	/	↑	upward	snam	snam	transliteration	source_image_review_needed	medium	1	1	wts_9_m:181:25	la btags nas / snam bu la bor tshons byed zer	Standalone marker-like glyph near Wylie-looking text; exact correction requires source-image review.
standalone_marker_candidate	/	↑	upward	snams	snams	transliteration	source_image_review_needed	medium	1	1	wts_9_m:329:42	ste po dan / zul phu dan / snams kyi sdzin	Standalone marker-like glyph near Wylie-looking text; exact correction requires source-image review.
standalone_marker_candidate	/	↑	upward	snan	snan	cross_reference+transliteration	source_image_review_needed	medium	1	1	wts_9_m:399:52	6566); rgyal pos — pa / snan chad rdza rra	Standalone marker-like glyph near Wylie-looking text; exact correction requires source-image review.
standalone_marker_candidate	/	↑	upward	snan	snan	transliteration	source_image_review_needed	medium	1	1	wts_9_m:90:31	"kyi bar na dud rdul mi ??/7// snan ""kein Rauch"	Standalone marker-like glyph near Wylie-looking text; exact correction requires source-image review.
standalone_marker_candidate	/	↑	upward	sprin	sprin	transliteration	source_image_review_needed	medium	1	1	wts_9_m:68:36	dmar moi mehn stens su / — sprin chen gi	Standalone marker-like glyph near Wylie-looking text; exact correction requires source-image review.
standalone_marker_candidate	/	↑	upward	sprul	sprul	transliteration	source_image_review_needed	medium	1	1	wts_9_m:372:25	royal po'i — kyi mdzod spu nas / sprul pa'i	Standalone marker-like glyph near Wylie-looking text; exact correction requires source-image review.
standalone_marker_candidate	/	↑	upward	sprulnas	sprulnas	transliteration	source_image_review_needed	medium	1	1	wts_9_m:87:14	"cig /// sprulnas ""Mal-gro gZi-chen war durch"	Standalone marker-like glyph near Wylie-looking text; exact correction requires source-image review.
standalone_marker_candidate	/	↑	upward	spy	spy	tibetan_script+transliteration	source_image_review_needed	medium	1	1	wts_9_m:216:13	ig rten thanis cad kyis / spy! la — bin bku བ	Standalone marker-like glyph near Wylie-looking text; exact correction requires source-image review.
standalone_marker_candidate	/	↑	upward	tsha	tsha	transliteration	source_image_review_needed	medium	1	1	wts_9_m:322:63	ba la gsum ste / tsha ba' dmyal ba brgyad gnas	Standalone marker-like glyph near Wylie-looking text; exact correction requires source-image review.
standalone_marker_candidate	/	↑	upward	tshan	tshan	cross_reference+transliteration	source_image_review_needed	medium	1	1	wts_9_m:208:10	raṅ gi ni / tshan maṅ dbus su ~ gsum / btan	Standalone marker-like glyph near Wylie-looking text; exact correction requires source-image review.
standalone_marker_candidate	/	↑	upward	tshan	tshan	transliteration	source_image_review_needed	medium	1	1	wts_9_m:45:70	Lex. Zan po (Dagy); ma 7// tshan mishuns =	Standalone marker-like glyph near Wylie-looking text; exact correction requires source-image review.
standalone_marker_candidate	/	↑	upward	tshanis	tshanis	transliteration	source_image_review_needed	medium	1	1	wts_9_m:37:30	te / — de dag kyani gari Ze na / tshanis pa mo	Standalone marker-like glyph near Wylie-looking text; exact correction requires source-image review.
standalone_marker_candidate	/	↑	upward	tshans	tshans	transliteration	source_image_review_needed	medium	1	1	wts_9_m:246:58	klur chen po skal ldan śiṅ rta dan / tshans	Standalone marker-like glyph near Wylie-looking text; exact correction requires source-image review.
standalone_marker_candidate	/	↑	upward	tshar	tshar	transliteration	source_image_review_needed	medium	1	1	wts_9_m:125:39	mi yi dbaṅ po ... sers / tshar gcad nus pa ma	Standalone marker-like glyph near Wylie-looking text; exact correction requires source-image review.
standalone_marker_candidate	/	↑	upward	tsharis	tsharis	transliteration	source_image_review_needed	medium	1	1	wts_9_m:245:72	kyani gan Ze na / tsharis pa — dan / drag —	Standalone marker-like glyph near Wylie-looking text; exact correction requires source-image review.
standalone_marker_candidate	/	↑	upward	tshe	tshe	cross_reference+transliteration	source_image_review_needed	medium	1	1	wts_9_m:351:66	"hat"" (KTh 1: 429,1); — skyid / tshe stod sdug"	Standalone marker-like glyph near Wylie-looking text; exact correction requires source-image review.
standalone_marker_candidate	/	↑	upward	tshe'i	tshe'i	transliteration	source_image_review_needed	medium	1	1	wts_9_m:362:37	mchog tu mkhas pa / tshe'i rig byed yan lag	Standalone marker-like glyph near Wylie-looking text; exact correction requires source-image review.
standalone_marker_candidate	/	↑	upward	tshegs	tshegs	transliteration	source_image_review_needed	medium	1	1	wts_9_m:354:62	can ma / 'phyon ma / tshegs can ma mamsni	Standalone marker-like glyph near Wylie-looking text; exact correction requires source-image review.
standalone_marker_candidate	/	↑	upward	tshig	tshig	transliteration	source_image_review_needed	medium	1	1	wts_9_m:401:13	rab btsun mo gsum bsogs nas / tshig bsad 'di	Standalone marker-like glyph near Wylie-looking text; exact correction requires source-image review.
standalone_marker_candidate	/	↑	upward	tshogs	tshogs	cross_reference+transliteration	source_image_review_needed	medium	1	1	wts_9_m:365:33	"sprul ba' sdod ~~ '/ tshogs (metr.) ""die Grup-"	Standalone marker-like glyph near Wylie-looking text; exact correction requires source-image review.
standalone_marker_candidate	/	↑	upward	tshon	tshon	transliteration	source_image_review_needed	medium	1	1	wts_9_m:48:58	yul='i phyogs geig na / tshon dpon gyibulha	Standalone marker-like glyph near Wylie-looking text; exact correction requires source-image review.
standalone_marker_candidate	/	↑	upward	tshubs	tshubs	transliteration	source_image_review_needed	medium	1	1	wts_9_m:218:32	?//?ˆ rdo thog 2// — tshubs se 'pharis byun bas	Standalone marker-like glyph near Wylie-looking text; exact correction requires source-image review.
standalone_marker_candidate	/	↑	upward	tshwa	tshwa	transliteration	source_image_review_needed	medium	1	1	wts_9_m:100:20	"g.yer ma / tshwa / zwa tshod sogs ""Substan-"	Standalone marker-like glyph near Wylie-looking text; exact correction requires source-image review.
standalone_marker_candidate	/	↑	upward	yan	yan	tibetan_script+transliteration	source_image_review_needed	medium	1	1	wts_9_m:172:35	༼ bsdus — rgyas — par / yan lag brgyad pa'i	Standalone marker-like glyph near Wylie-looking text; exact correction requires source-image review.
