reason	base_token	alternate_token	count	volume_count	sample_refs	sample_contexts
alternate_witness_google_loc_nasal_upgrade	dan	daṅ	140	1	wts_9_m:6:43; wts_9_m:8:91; wts_9_m:15:25; wts_9_m:20:64; wts_9_m:22:48	ba' srun ma dan / byad — de bZin srin po || mi phyed — dan / phra gzugs — dan / rtse ba || pha spre'u dan / — brag srin mo las chad (r.
alternate_witness_initial_i_to_l_translit	Ita	lta	103	1	wts_9_m:7:37; wts_9_m:18:75; wts_9_m:45:11; wts_9_m:47:26; wts_9_m:49:69	"45,15); skran phur — Ita bur 'dug pa ""Tumo- || Lex. yul — na Ita bu ""wie: in dem Land da || Zes pa Ita bu 'das pa dan / ma 'ons pa na sanis"
alternate_witness_initial_i_to_l_translit	Iha	lha	54	1	wts_9_m:5:4; wts_9_m:6:34; wts_9_m:8:83; wts_9_m:10:3; wts_9_m:10:80	"— ni Iha mo gos dkar mo (metr.) ""ma ist die || boren"" (Dzl 273,6); Iha mo 'phrog — 'khor || ston Iha za mtshan drug — (metr.) ""[du]"
alternate_witness_initial_i_to_l_translit	Ina	lṅa	20	1	wts_9_m:7:87; wts_9_m:104:6; wts_9_m:104:69; wts_9_m:121:16; wts_9_m:143:77	"sñigs ~ Ina po ""die fünffache Degeneration"" || mthus go chod par byun — sum cu so Ina son || kyi rdel Ina Kalku-"
alternate_witness_initial_i_to_l_translit	Idan	ldan	15	1	wts_9_m:6:54; wts_9_m:6:84; wts_9_m:42:40; wts_9_m:58:39; wts_9_m:63:81	"ten Lächeln"" (Nägn 49,5); brtse Idan — yi || 1222); klu mo mdzes Idan — ""die klu mo || dari Idan pa 'ba' zig tn yari — kyi / chos sgrogs"
alternate_witness_google_loc_fricative_upgrade	zes	źes	14	1	wts_9_m:18:2; wts_9_m:18:27; wts_9_m:68:70; wts_9_m:68:71; wts_9_m:98:86	la gtogs pa bram ze dbyar tshul zes bya ba || su ///5)/// zes bya bas dpal na landä'i gnas su || Lex. — ston ni dbus par la — ldon zes 7?7//7? bas
alternate_witness_google_loc_nasal_upgrade	bzan	bzaṅ	14	1	wts_9_m:56:31; wts_9_m:60:21; wts_9_m:72:16; wts_9_m:80:9; wts_9_m:245:92	"rgyal po -""idussu ... gnas gZi bzan po Zigphul || bzan po la / brag brtsegs — na nor ""phel 'gur || ren Glauben"" (Sdr 129,1); 'di kun tu bzan po"
alternate_witness_citation_siglum	Lis	Liś	12	1	wts_9_m:102:74; wts_9_m:133:69; wts_9_m:178:14; wts_9_m:262:64; wts_9_m:313:8	"mi Zum ""unerschrocken, kühn"" (Lis 16,3). || lich, unangenehm"" (Lis 17,11); — gze = drag || thug (Lis 12,10, KlonD 725,3); -r thugpa ="
alternate_witness_google_loc_nasal_upgrade	snan	snaṅ	11	1	wts_9_m:120:64; wts_9_m:219:19; wts_9_m:272:68; wts_9_m:298:6; wts_9_m:312:30	"pa mams kyi snan ba la ""nach Ansicht der || Lex. dbal ni ... ༡)76 '/ drod ni snan fio ""Feuer- || Zan snan gis / sum khans thams sad 'bans"
alternate_witness_google_loc_nasal_upgrade	gron	groṅ	10	1	wts_9_m:6:19; wts_9_m:68:54; wts_9_m:102:85; wts_9_m:200:54; wts_9_m:200:57	"1); gron pa'i bu mo dga' mo dan dea' stobs || — pi gron du byon pa na ""als der Mönch in || Lex. gron dan gron khyer la'an ""Dorf und"
alternate_witness_initial_i_to_l_translit	Ihan	lhan	9	1	wts_9_m:5:33; wts_9_m:58:56; wts_9_m:79:73; wts_9_m:168:16; wts_9_m:173:12	"(K6 da 21747); rig — Ihan cig goms byas pas || — na yari dag skyes dan / Ihan gcig skyes na || — dan Ihan cig ... sbar te ""man zünde sie zu-"
alternate_witness_google_loc_fricative_upgrade	gsegs	gśegs	9	1	wts_9_m:18:22; wts_9_m:60:82; wts_9_m:102:40; wts_9_m:135:91; wts_9_m:187:2	"(LbAmz 53,3); de bZin gsegs pa'i riri bsrel ~i || mtshur phu 'jamdbyans gu sri ba'i gsegs rdeon || [usw.]"" (Suv 4,5); de bin gsegs pa —'! Zal"
alternate_witness_google_loc_nasal_upgrade	man	mañ	9	1	wts_9_m:62:3; wts_9_m:126:13; wts_9_m:169:77; wts_9_m:208:10; wts_9_m:208:17	"oder weniger: man ñun re"" (Be'uD 225,6). || Lex. mi grans man nun gi 'bor ""eine Menge || byun ste / dge bsrien ga' Zig mi — / man po"
alternate_witness_google_loc_nasal_upgrade	nid	ñid	9	1	wts_9_m:72:45; wts_9_m:91:7; wts_9_m:104:37; wts_9_m:128:30; wts_9_m:138:62	"796,1); de — du slob dpon nid kyis 'grel ba || 08); de de bin gśegs pa la chos nid du yan || bare Glückseligkeit"" (Debh 695,3); chos nid"
alternate_witness_initial_i_to_l_translit	Ihun	lhun	8	1	wts_9_m:20:3; wts_9_m:49:60; wts_9_m:50:38; wts_9_m:52:57; wts_9_m:109:2	Ihun grub dpal bzari gis / zani zan brag nas — || gis pbyogs Ihun gi dbani gis bzed don la bar || char) gyis Ihun po dan mtshwis mdzes pa 'dzin
alternate_witness_citation_siglum	gZ1	gZi	7	1	wts_9_m:58:46; wts_9_m:136:33; wts_9_m:178:70; wts_9_m:231:10; wts_9_m:306:66	"andere Lasttiere"" (gZ1 3: 762,2). || des] Land gereist"" (gZ1 4: 475,4); bar — rgya || tiere entfernt"" (gZ1 2: 206,3)."
alternate_witness_google_loc_nasal_upgrade	spon	spoṅ	7	1	wts_9_m:100:76; wts_9_m:100:85; wts_9_m:125:52; wts_9_m:130:18; wts_9_m:213:54	"khrims kyis ... mi khom brgyad spon de yi dal || cad spon gyur cig / mi khom brgyad po dag las || spon Zinn ... de bkren ses par bya (metr.) ""den"
alternate_witness_google_loc_fricative_upgrade	bsad	bśad	7	1	wts_9_m:117:27; wts_9_m:126:61; wts_9_m:135:76; wts_9_m:232:19; wts_9_m:344:57	"nen"" (AA 3.3d); deyimi mthun phyogs bsad || — man po la phan thogs / chos bsad / sdom || phag dan ni / — mi thun dan ... Zes bsad pa'i"
alternate_witness_google_loc_nasal_upgrade	ston	stoṅ	7	1	wts_9_m:128:34; wts_9_m:130:66; wts_9_m:138:83; wts_9_m:214:70; wts_9_m:289:61	(Mvy 948, Abt. ston pa ben broyad kyi min; || gi mdo med pa'i cha myon — ston zad du sor || brtsi ba'i min); — pa'i chad pa'am ston (v.).
alternate_witness_google_loc_nasal_upgrade	dban	dbaṅ	7	1	wts_9_m:135:30; wts_9_m:161:72; wts_9_m:214:63; wts_9_m:236:27; wts_9_m:286:19	་ཡི་དབང་པོ་ miyi dbaṅ po tmi dban. || lin tog dari — la sogs pa ni dban po lagnas pa || Lex. 'dod lha bdud dga' rab dban phyue
alternate_witness_google_loc_nasal_upgrade	bzun	bzuṅ	6	1	wts_9_m:28:62; wts_9_m:80:71; wts_9_m:137:35; wts_9_m:173:34; wts_9_m:214:23	"rd nos bzun ste ""sie schen den Anavatapta || 28.23); —' tshes geig nas bzun ste (merr.) || dzu 706 pa nas bzun ste — beu grüis kyi bar"
alternate_witness_google_loc_nasal_upgrade	sten	steṅ	6	1	wts_9_m:37:69; wts_9_m:61:57; wts_9_m:61:57; wts_9_m:183:64; wts_9_m:229:70	(gZi 4: 143,6); sten phyogs ~i skon mdos || sten lus sten gi khrinxs) skabs dan bstun pa'i
alternate_witness_google_loc_nasal_upgrade	gton	gtoṅ	6	1	wts_9_m:79:10; wts_9_m:121:68; wts_9_m:171:60; wts_9_m:252:12; wts_9_m:281:10	"du la byas nas gtonis (r. gton) ""man ver- || khral dan 'u lag dgos pa' lun gton ba dari || dgon khag gton sgo'i (mi)tshon byins la won"
alternate_witness_google_loc_nasal_upgrade	ran	raṅ	6	1	wts_9_m:120:13; wts_9_m:236:86; wts_9_m:268:35; wts_9_m:312:27; wts_9_m:379:79	"ran yon ma rian pa dan ""die Gemeinden soll- || Zes brjod pa'i sgras ran gi dgag bya bkay Sul || 9.44d); sems can ran bZin — (metr.) ""daher"
alternate_witness_google_loc_nasal_upgrade	btan	btaṅ	5	1	wts_9_m:5:42; wts_9_m:62:44; wts_9_m:91:76; wts_9_m:167:74; wts_9_m:203:64	"khar btan ""das Teigopfer werfe man an die || nad kyi sa — bdud kyis btan nas (metr.) || dal 'byor 'di chud zos su — btan bar ... dgos"
alternate_witness_citation_siglum	GS-H	Gś-H	5	1	wts_9_m:7:49; wts_9_m:211:27; wts_9_m:297:7; wts_9_m:357:59; wts_9_m:362:65	"(GS-H 6la); rin chen sgron — mams kyani || blumen"" (GS-H 163); saris rgyas gser thub || (GS-H 61b); dman gyi ma bu imani pa ""wie"
alternate_witness_initial_i_to_l_translit	Iho	lho	5	1	wts_9_m:8:57; wts_9_m:254:49; wts_9_m:298:42; wts_9_m:298:51; wts_9_m:315:33	"bo byan grüls yod pa'i Iho — na ""es gibt zwei || 'bras drug ni Iho na — (metr.) ""die sechs || 368,1); — la Iho nub gZol ba (metr.) ""im tie-"
alternate_witness_google_loc_fricative_upgrade	ses	śes	5	1	wts_9_m:173:67; wts_9_m:276:72; wts_9_m:281:61; wts_9_m:362:62; wts_9_m:376:48	"ma' sa' min); 'du ses med 'du ses med — || ""khrul pas) ma bskyed pa'i ses pa ni )?//10)/ sion || Lex. tshor bagan Zigmyon byed kyi ses pa ""der"
alternate_witness_google_loc_nasal_upgrade	na	ña	4	1	wts_9_m:5:5; wts_9_m:135:90; wts_9_m:242:67; wts_9_m:383:19	"Göttin Pändurä"" (Hev 1.1.22c); ra na na — || na 077 bisan po myi yul gi rjer / Iha ri gani || gebar ihr Junges"" (K1 na 17624); pha dus"
alternate_witness_google_loc_fricative_upgrade	sel	śel	4	1	wts_9_m:8:33; wts_9_m:71:75; wts_9_m:183:79; wts_9_m:227:66	sel chu 'og — man chad mdo lo skor dan / || (K5 75bl); rgya rnams ni 'u then gi sel chu || byi ru spos sel / — sogs kyi 'bul ba ya nom
alternate_witness_google_loc_nasal_upgrade	gan	gañ	4	1	wts_9_m:15:82; wts_9_m:61:47; wts_9_m:196:64; wts_9_m:267:86	118,29); Reg gsin tshe rtsis la sogs pa / gan || ~~ rgas pa geig Zu na gan 'dra yon Zus pas || —r byed pas / gnag par ur pa gan dag yin pa
alternate_witness_google_loc_velar_nasal_upgrade	dañ	daṅ	4	1	wts_9_m:28:7; wts_9_m:58:37; wts_9_m:245:73; wts_9_m:268:81	"dan 'dam bii tshal dan smin drug dañ sa ga || dpal ldan dmag zor rgyal mo'i dre'n dañ ""der || dan / khyab 'jug ma dañ / gZon nu ma dan /"
alternate_witness_google_loc_fricative_upgrade	bzin	bźin	4	1	wts_9_m:50:46; wts_9_m:176:14; wts_9_m:367:58; wts_9_m:391:36	"ran (7. klun) gi chu reyun bzin du chwi phun || Ses bzin du brdzun du smra bar yari mi bya || lus snas pa dan / mam par — bzin du ""als"
alternate_witness_google_loc_nasal_upgrade	glan	glaṅ	4	1	wts_9_m:58:8; wts_9_m:58:43; wts_9_m:68:14; wts_9_m:247:77	ba gcin ra lug — dan / glan po rta bori rna || (871 3: 746,5); rta dan glan po — dan / bori || — phrag broya na glan po'i stobs Zes
alternate_witness_google_loc_nasal_upgrade	khan	khaṅ	4	1	wts_9_m:82:72; wts_9_m:87:69; wts_9_m:213:76; wts_9_m:237:52	"so so' gzim khan ""die jeweiligen Schlafräu- || dag dan gdan ni rdo gtsari khan pa ljon pa dag || Lex. rmam sras kyi gZal med khan ""Palast des"
alternate_witness_initial_i_to_l_translit	Iha'i	lha'i	4	1	wts_9_m:138:34; wts_9_m:200:64; wts_9_m:221:82; wts_9_m:223:36	22); grien sku Iha'i — bod la 'khruns (metr.) || Iha'i dran mkhan — yani ... ston pa'i drum du || Lex. Iha'i dran son (brDa, Dagy).
alternate_witness_google_loc_nasal_upgrade	gan	gaṅ	4	1	wts_9_m:178:63; wts_9_m:190:74; wts_9_m:229:19; wts_9_m:280:92	"Lex. mtha' gan ma gan ma man pa ""an || mam par 'byed pa gan ze na / 'dilta ste... -r || basems can — / gan zag — cin bdag gir bya"
alternate_witness_google_loc_fricative_upgrade	bzens	bźens	3	1	wts_9_m:10:62; wts_9_m:68:38; wts_9_m:269:9	"ried la sdod rten cig — bzens ""für uns wur- || gtsug lag khan bzens ""im Westen, auf dem || pa'i gdun la mchod rten bzens pa ""er errichte-"
alternate_witness_citation_siglum	L$dz	Lśdz	3	1	wts_9_m:10:80; wts_9_m:14:43; wts_9_m:169:61	"Gelübde nicht"" (L$dz 150,1); Iha khani yon || Mittel und Weisheit"" (L$dz 84,6); 'bum pa || Geschwister geboren"" (L$dz 26,5)."
alternate_witness_citation_siglum	L$dz-K	Lśdz-K	3	1	wts_9_m:12:58; wts_9_m:20:51; wts_9_m:173:61	"(L$dz-K 320,11); de 'dra — byeidl ""tu so etwas || ren Kinder"" (L$dz-K 243,15). || ferungen"" (L$dz-K 231,34); dgoris pa thun"
alternate_witness_google_loc_nasal_upgrade	nes	ñes	3	1	wts_9_m:20:56; wts_9_m:357:53; wts_9_m:398:69	མ་ངེས་པ་ ma nes pa. || dan brtan bdag sogs $es pa / serns kyi nes pa'i || bsanis ñes par ~ pa dari / nes par bgyis pa'i las
alternate_witness_google_loc_nasal_upgrade	yan	yaṅ	3	1	wts_9_m:37:8; wts_9_m:234:7; wts_9_m:392:64	"Mutter der Bhūtas"" (Suv 5,19); ~ rañ yan lha || dka' ba byed pa ci yan — par rig nas ""er er- || mkha' bsal bar nus pa ma yin yan / rmons"
alternate_witness_google_loc_nasal_upgrade	sgan	sgaṅ	3	1	wts_9_m:45:39; wts_9_m:353:69; wts_9_m:382:67	sga pa — ri sgan pa rmamis ... sgar son phogs || thog tu smar khamks) sgan / mi rag sgan / g.yar || (dPe 38,15); yañ na gon ~ sgan gsum gyi thog
alternate_witness_google_loc_nasal_upgrade	byun	byuṅ	3	1	wts_9_m:58:62; wts_9_m:214:33; wts_9_m:389:26	"de nas se na bźi byun ste... ~ ""danach kamen || tog gi char sogs ... mmon sum du byun ""zur || chal) gtam gañ byun ma byun skyag gtad gcig"
alternate_witness_google_loc_nasal_upgrade	man	maṅ	3	1	wts_9_m:60:17; wts_9_m:82:75; wts_9_m:326:44	"grwabtsun man pos zla phyed kyi bar du gdu || Lex. rtswa byin po ni rtswa —'am rtswa man || rta sbans man po —""inari du bsgyur (7. skyur)"
alternate_witness_initial_i_to_l_translit	Ira	lṅa	3	1	wts_9_m:63:69; wts_9_m:203:25; wts_9_m:224:13	"ständig"" (Prav 179,14); — la phan yon Ira || sems can rer driul skar Ira re me 'brug phan la || gser gi rdo re rtse Ira pa 'od zer dan / ja"
alternate_witness_google_loc_velar_nasal_upgrade	yañ	yaṅ	3	1	wts_9_m:105:13; wts_9_m:131:72; wts_9_m:334:18	"son ba na zan yañ ~i gtsug lag chen po yod || chub sems kyi ljon Sin rtag par yañ / 'bras bu || = rmai ~ la rma'i rmen yañ zer ""zu rmai"
alternate_witness_google_loc_nasal_upgrade	gnan	gnaṅ	3	1	wts_9_m:109:16; wts_9_m:143:29; wts_9_m:392:16	"gsol ba bin gnan nas / dags po 'barisu dgug || pai ""gab snon dgos tshul bka' sog gnan || khyod kyis gnan chen dag tu mdzod (metr.)"
alternate_witness_google_loc_nasal_upgrade	sron	sroṅ	3	1	wts_9_m:112:9; wts_9_m:167:56; wts_9_m:240:19	"khri lde sron brtsan myř'i rje mdzad pa ""Khri- || 153,15); reyu sbyor —s Iha dan dran sron || khri sron brisan 0?// rin la ""zu Lebzeiten des"
alternate_witness_google_loc_nasal_upgrade	rdzon	rdzoṅ	3	1	wts_9_m:120:19; wts_9_m:121:8; wts_9_m:257:70	"50,16); Sel dkar khul gyi Iha sde — rdzon sdod || Iho —dargyi rdzon dari 0?7/5 (metr.) ""im Sü- || mon usw."" ('Dzam 35,7); sen ge rdzon nas"
alternate_witness_initial_i_to_l_translit	Iba	lha	3	1	wts_9_m:120:77; wts_9_m:285:80; wts_9_m:398:32	"Iba sar ... — dan phyugs nad man po byun bas || Iba — re la kha 'dzin re (metr.) ""für jede || gut, es ist gut!"" (P$ 57c); Iba mans thams"
alternate_witness_citation_siglum	Li$	Liś	3	1	wts_9_m:121:6; wts_9_m:208:18; wts_9_m:254:28	"Lex. mi nas ni — dam rim nad (Li$ 24,9). || che: mag tshan oder me khan"" (Li$ 21,8); || 351); mon brtul ni blun po (Li$ 17,1); rmons"
alternate_witness_google_loc_fricative_upgrade	sog	śog	3	1	wts_9_m:143:29; wts_9_m:211:71; wts_9_m:379:31	"pai ""gab snon dgos tshul bka' sog gnan || mthon gi — 'kbrun bar sog ""möge die Blüte || smon lam rgyab sog ""bete, daß du im näch-"
alternate_witness_citation_siglum	Lsdz	Lśdz	3	1	wts_9_m:200:16; wts_9_m:211:57; wts_9_m:315:5	"le Pfade"" (Lsdz 17,6). || de auf"" (Lsdz 134,3). || Leichnam [des Königs] auf der Erde"" (Lsdz"
alternate_witness_google_loc_nasal_upgrade	rdzin	rdziṅ	3	1	wts_9_m:211:87; wts_9_m:212:5; wts_9_m:327:35	"fergabe für die Götter"" (K9 ka 735); rdzin || ße Wasserlilie"" (Siddh 5.126); rdzin bu' — || char gyi rgyun la re bla yi / rdzin bu rūog"
alternate_witness_google_loc_nasal_upgrade	kyan	kyaṅ	3	1	wts_9_m:231:65; wts_9_m:341:62; wts_9_m:382:92	"(Bea 5.3c); rdza rna la sogs brduns kyan sgra || mkhyen kyan mi — pa / dus su — pa / dus las || sansrgyas pa da ltar Ita smos kyan ci dgos ""um"
alternate_witness_google_loc_nasal_upgrade	nan	ṅan	3	1	wts_9_m:267:52; wts_9_m:269:15; wts_9_m:335:56	"die Lehre"" (Bu 828,5); mya nan las 'da' ba'i || od zer gsum du byuri nas / dbyins su mya nan || (Prav 33,18); — na ni sems can nan son gsuum"
alternate_witness_google_loc_fricative_upgrade	bsul	bśul	3	1	wts_9_m:272:1; wts_9_m:272:2; wts_9_m:272:4	མྨུ་ངམ་བཤུལ་རིང་ mya ñam bsul riṅ || ་ངམ་བཤའ་རིང་ mya ram bsul rin ein Ge- || Lex. ri 'brog dgon gi chwi bsul ron ron sul
alternate_witness_google_loc_fricative_upgrade	bses	bśes	3	1	wts_9_m:336:21; wts_9_m:383:65; wts_9_m:391:89	"dge bses bons rin cig byun nas ""dem Kustos || m mi bses pa ... brrias pa med par khyod || (0// '2)0/ bsad mdzad mkhan gyi chos bses geig"
alternate_witness_google_loc_nasal_upgrade	zans	zaṅs	2	1	wts_9_m:7:27; wts_9_m:304:84	spur ni zans broya' — kha sprod kyi nani du || (SākNth 62,1); zans gźoři padma ~s phyur
alternate_witness_google_loc_nasal_upgrade	dpun	dpuṅ	2	1	wts_9_m:13:76; wts_9_m:285:92	"(Pd-K 74c); khyod kyis — igs par dpun skyed || 110"" (brDa); yan lag /)2/""/ dpun gi nani tshan"
alternate_witness_google_loc_nasal_upgrade	snar	sñar	2	1	wts_9_m:18:60; wts_9_m:173:50	"la snar slob ma ji sried cig byuri ste / — bas || ten"" (MTH3/5/16 11); sgrub 'jags snar rgyun"
alternate_witness_google_loc_nasal_upgrade	bran	braṅ	2	1	wts_9_m:28:35; wts_9_m:183:26	"(Gesar 233,46); 'og — klu yi pho bran nas / || verschen ist"" (1( 44 ka 110a3); bran na 'phyani"
alternate_witness_google_loc_velar_nasal_upgrade	rañ	raṅ	2	1	wts_9_m:37:8; wts_9_m:376:73	"Mutter der Bhūtas"" (Suv 5,19); ~ rañ yan lha || delt"" (Bca 8.141c); rañ gZan grub pa'i mtha'"
alternate_witness_google_loc_nasal_upgrade	gnis	gñis	2	1	wts_9_m:45:10; wts_9_m:142:9	tha ma gnis m smon gi rgal po dei dus na || (Tär 15,10); ri bori dan 9/9 wa dan gnis /
alternate_witness_google_loc_nasal_upgrade	span	spaṅ	2	1	wts_9_m:47:73; wts_9_m:251:62	"sor dbye gsag gis su span (metr.) ""man soll || dei — du span Zin bas (r. ban) sgar dan bcas"
alternate_witness_google_loc_nasal_upgrade	klun	kluṅ	2	1	wts_9_m:50:46; wts_9_m:100:27	ran (7. klun) gi chu reyun bzin du chwi phun || (MigTo 252,22); klun rta mi mthun — sdan
alternate_witness_citation_siglum	P$	Ps	2	1	wts_9_m:59:40; wts_9_m:398:32	"viel Sinn"" (P$ 3a); nad — ba (metr.) ""die- || gut, es ist gut!"" (P$ 57c); Iba mans thams"
alternate_witness_google_loc_nasal_upgrade	nun	ñun	2	1	wts_9_m:61:81; wts_9_m:126:13	"Lex. man po dan nun ba ""viel und wenig"" || Lex. mi grans man nun gi 'bor ""eine Menge"
alternate_witness_google_loc_fricative_upgrade	bzugs	bźugs	2	1	wts_9_m:62:72; wts_9_m:194:73	"mdo rgyud — bzugs ""[dort) befanden sich || zla ba Ina — la bzugs ""er verbrachte fünf Mo-"
alternate_witness_google_loc_nasal_upgrade	ne	ñe	2	1	wts_9_m:71:41; wts_9_m:387:33	"glams nag gam ne bar ston pa ""Belehrung || ba= dus yun myur du gton ba dan / ne ru gton"
alternate_witness_citation_siglum	Lsdz-K	Lśdz-K	2	1	wts_9_m:72:20; wts_9_m:326:77	"lieferung von Ohr zu Ohr"" (Lsdz-K 320,11). || Texte] hervor"" (Lsdz-K 334,3); rma spom"
alternate_witness_hyphenated_initial_i_to_l_translit	Iha-khan	lha-khan	2	1	wts_9_m:87:5; wts_9_m:304:38	"khan, Mal-gro ska-tshal, Zwa'i Iha-khan in || 'Chin-ru'i 'Bras-mo Iha-khan"" (Nel 22b5)."
alternate_witness_google_loc_velar_nasal_upgrade	nañ	naṅ	2	1	wts_9_m:91:46; wts_9_m:272:30	"aus Treber hingestellt"" (KTh 1: 449,5); nañ || Lex. ~ pa =ro myags Ita bu'am rdzab dori nañ"
alternate_witness_google_loc_nasal_upgrade	yon	yoṅ	2	1	wts_9_m:98:6; wts_9_m:120:13	"myi / chig chu srid yon myi ñams pha'iro ""das || ran yon ma rian pa dan ""die Gemeinden soll-"
alternate_witness_google_loc_nasal_upgrade	mnam	mñam	2	1	wts_9_m:113:64; wts_9_m:168:52	de / mi mnam 1070 ba yin par brjod (metr.) || mi — mnam por gnas pa la / 770?// dan khei
alternate_witness_google_loc_fricative_upgrade	bsags	bśags	2	1	wts_9_m:113:84; wts_9_m:307:46	sdig pa de kun so sor bsags par bgyi (metr.) || bsags brten thog smar Zo /7/ Su rtsa Ina sgrub
alternate_witness_google_loc_nasal_upgrade	rkan	rkaṅ	2	1	wts_9_m:120:58; wts_9_m:339:7	— pa kun wis rkan khrag rdo dar lag khrag || bu chun de'i rkan pa la — pa tsam gyis slar
alternate_witness_google_loc_fricative_upgrade	bsan	bśan	2	1	wts_9_m:120:72; wts_9_m:341:17	"~~ mtsho la rta bsan (r. bsal) ""er wusch das || ~ dan / ri bo 'dzin / span leb 'dzin te bsan"
alternate_witness_google_loc_nasal_upgrade	phun	phuṅ	2	1	wts_9_m:128:73; wts_9_m:233:17	"20.1); gari gi phyir ~~ phun po chen po yani || keit fortgezogen"" (Anav 1: 50,5); phun po"
alternate_witness_google_loc_nasal_upgrade	srin	sriṅ	2	1	wts_9_m:141:4; wts_9_m:168:25	@ 747 [5 ama dan srin mo — dan spran du nu || 1039); ~ rdzu 'phrul gyis btul / srin mo
alternate_witness_google_loc_nasal_upgrade	spran	spraṅ	2	1	wts_9_m:141:4; wts_9_m:185:39	@ 747 [5 ama dan srin mo — dan spran du nu || lex. mu to ba, — = slor mo pa'am spran po
alternate_witness_google_loc_velar_nasal_upgrade	ñan	ṅan	2	1	wts_9_m:143:48; wts_9_m:376:3	"mtha'i ~ 'khyer ñan graris /7//77 rnams ""wir || Lex. mya ñan nam / sdug bsnal gyi tshig 'don"
alternate_witness_citation_siglum	G$-H	Gś-H	2	1	wts_9_m:143:85; wts_9_m:173:14	"se Diener, ungezähmte Pferde"" (G$-H 58); || schlechten Menschen zusanimen ist"" (G$-H"
alternate_witness_citation_siglum	Inl2	In12	2	1	wts_9_m:169:26; wts_9_m:200:76	"hohen Minister"" (Inl2 N5); bod chen po'; || nommen"" (Inl2 E24); [b]tsan mo mun chah"
alternate_witness_google_loc_fricative_upgrade	gsol	gśol	2	1	wts_9_m:169:73; wts_9_m:398:41	"lich verschluckt"" (Viś 15b); gsol med ma yar || Tochter, mach es so!"""" (K6 tha 285b1); gsol"
alternate_witness_google_loc_nasal_upgrade	nan	naṅ	2	1	wts_9_m:183:20; wts_9_m:312:5	"dei nan nas kyan — bre gan byu ste ""aus || nan gi rtsa'l gnas re rer — gtad pa tsam is"
alternate_witness_google_loc_nasal_upgrade	phren	phreṅ	2	1	wts_9_m:183:71; wts_9_m:371:71	— phren ba zlum po 'di ni khyod thugs la / || 37,13); g.yo ba' rlabs phren gdon la — g.yo
alternate_witness_initial_i_to_l_translit	Ihag	lhag	2	1	wts_9_m:211:70; wts_9_m:311:49	"ner roten Blüte gleich"" (bKth 354,4); Ihag || de ni bslab Ihag bslab la mkhas te — med"
alternate_witness_google_loc_nasal_upgrade	don	doṅ	2	1	wts_9_m:224:28; wts_9_m:272:16	"Lex. me dan Idan pa'i g.yari sakon don ""eine || Lex. — pa = rdzab don nan gi mi gtsani Ita"
alternate_witness_citation_siglum	Gs-H	Gś-H	2	1	wts_9_m:233:9; wts_9_m:233:41	"nicht wohl"" (Gs-H 48). || (metr.) ""ein Freund, der nicht hilft"" (Gs-H"
alternate_witness_citation_siglum	Vi$	Vis	2	1	wts_9_m:234:13; wts_9_m:268:2	"könnte"" (Vi$ 46d); de la rtogs par byed pa || gendwohin gegangen"" (Vi$ 28c); mya ran las"
alternate_witness_google_loc_nasal_upgrade	gon	goṅ	2	1	wts_9_m:240:39; wts_9_m:382:67	"Lex. rigs royud kyipha mes gon ma ""die frü- || (dPe 38,15); yañ na gon ~ sgan gsum gyi thog"
alternate_witness_google_loc_fricative_upgrade	gsam	gśam	2	1	wts_9_m:252:53; wts_9_m:355:11	myig) lo ba'am mo Sam (v.]. gsam) || སྤད་ཤམས་ smad Sams auch smad gsam cin Un-
alternate_witness_google_loc_nasal_upgrade	nan	ñan	2	1	wts_9_m:268:81; wts_9_m:269:2	"nan las 'das = 'khor ba las thar pa dañ Ina lam || gtad de ... mya nan las 'das so ""[Sänaväsika]"
alternate_witness_google_loc_nasal_upgrade	nams	ñams	2	1	wts_9_m:271:58; wts_9_m:353:43	royum gl ch bo 'dra / sems can mya nams || ni brla'i phyogs rlun gis kun nas nams par
alternate_witness_google_loc_nasal_upgrade	dzin	dziṅ	2	1	wts_9_m:285:62; wts_9_m:376:17	1: 279,4); spun dgra — dkyilgri dzin gi dnag || yons 'dzin khri sñan grags pas / rmen ni nas
alternate_witness_google_loc_fricative_upgrade	bsegs	bśegs	2	1	wts_9_m:286:79; wts_9_m:289:69	"pa' sdig bsegs (r. bags) su ""um zu sühnen, || gis / Zari po rgya la — pa'i sdig bsegs su / glin"
alternate_witness_google_loc_fricative_upgrade	zen	źen	2	1	wts_9_m:313:28; wts_9_m:346:68	"gi zen yul med pa Ita bu sogs ""wie: Objekt || mthon bZin du der zen pa ""ob es einen Grund"
alternate_witness_google_loc_fricative_upgrade	bsos	bśos	2	1	wts_9_m:314:47; wts_9_m:314:62	1: 328,3); grüüs bsos pa la (r. las?) phywa ~ || bisun dari bsos pa'i sras / ga' khri yani
alternate_witness_google_loc_velar_nasal_upgrade	snañ	snaṅ	2	1	wts_9_m:333:41; wts_9_m:334:79	"(MTH3/5/18 4); snañ srid kun grags mthuf'} || dmas pa = ~ pa des pa'an snañ ""steht auch"
alternate_witness_google_loc_fricative_upgrade	gsis	gśis	2	1	wts_9_m:366:23; wts_9_m:398:2	"khul dir snar ltabu'i — lag son dka' gsis ""weil || pa'i gsis kyis / phan sems kyis bslab bya — pa"
alternate_witness_google_loc_nasal_upgrade	gsun	gsuṅ	2	1	wts_9_m:376:18; wts_9_m:376:28	"Zes pa'i brda räin yin gsun ""rme'u zan: cini- || ba'i brda rain yin gsun ""sne zan heißt auch"
alternate_witness_google_loc_nasal_upgrade	lon	loṅ	1	1	wts_9_m:5:31	(K1 kha 23356); nie — pho lon bZin pa'i bud
alternate_witness_google_loc_fricative_upgrade	gsed	gśed	1	1	wts_9_m:5:53	(PT1283 570); khyod la bdag ... gsed — pa ...
alternate_witness_google_loc_fricative_upgrade	sor	śor	1	1	wts_9_m:6:78	"53,6); ño yi bkrag sor thal ka ~ (metr.) ""sie"
alternate_witness_google_loc_nasal_upgrade	bron	broṅ	1	1	wts_9_m:6:88	"pho ~ ""ini 'bron gchig pa (metr.) ""ein cin-"
alternate_witness_initial_i_to_l_translit	Iden	ldeṅ	1	1	wts_9_m:7:54	"sen Iden gi tsber — zug pcs ""ihn stach ein"
alternate_witness_initial_i_to_l_translit	Ita'i	lta'i	1	1	wts_9_m:10:71	"fe"" (Däg 302,18); da Ita'i rgas 'chal mi ~"
alternate_witness_citation_siglum	ISK	1SK	1	1	wts_9_m:12:14	"stung der Gottheit!"" (ISK 1: 214,4,4); ña dge"
alternate_witness_google_loc_nasal_upgrade	ran	rañ	1	1	wts_9_m:15:34	"sgrol mas ran gi ~i tshul bzur nas ""die er-"
alternate_witness_google_loc_nasal_upgrade	sñin	sñiñ	1	1	wts_9_m:15:53	"lteba'i dkyil du bu ༡// {$ } srog thag dań —"" sñin"
alternate_witness_google_loc_fricative_upgrade	gsin	gśin	1	1	wts_9_m:15:82	118,29); Reg gsin tshe rtsis la sogs pa / gan
alternate_witness_google_loc_nasal_upgrade	zan	zaṅ	1	1	wts_9_m:20:3	Ihun grub dpal bzari gis / zani zan brag nas —
alternate_witness_google_loc_velar_nasal_upgrade	ñag	ṅag	1	1	wts_9_m:20:30	~ / man ñag mtha' dag gi gnad gcig du (r. tu)
alternate_witness_google_loc_nasal_upgrade	min	miñ	1	1	wts_9_m:28:5	Lex. dban phyug gi bu chun gdon drug gi min
alternate_witness_google_loc_nasal_upgrade	skyon	skyoṅ	1	1	wts_9_m:28:41	(Mvy 3239, Abt. klei rgyal po dun skyon).
alternate_witness_google_loc_nasal_upgrade	ner	ñer	1	1	wts_9_m:28:68	"ni — g.yu miitsho gnas chen ner /?2/""/ mgo /"
alternate_witness_google_loc_nasal_upgrade	skon	skoṅ	1	1	wts_9_m:37:69	(gZi 4: 143,6); sten phyogs ~i skon mdos
alternate_witness_google_loc_fricative_upgrade	bsig	bśig	1	1	wts_9_m:41:5	"bzans bsig pa'i Sul tu ""auf den Ruinen des"
alternate_witness_google_loc_fricative_upgrade	bzed	bźed	1	1	wts_9_m:49:60	gis pbyogs Ihun gi dbani gis bzed don la bar
alternate_witness_initial_i_to_l_translit	Idan	ldaṅ	1	1	wts_9_m:50:34	is bxgos dri Idan Zin / 'jam pa — yi rluni
alternate_witness_google_loc_nasal_upgrade	drans	draṅs	1	1	wts_9_m:56:11	— Iha chen po / kun gyi jug tu spyan drans
alternate_witness_google_loc_velar_nasal_upgrade	phyuñ	phyuṅ	1	1	wts_9_m:56:16	"mgrin payan chad phyuñ ste ""Sarnkara Äcärya"
alternate_witness_google_loc_nasal_upgrade	spyan	spyaṅ	1	1	wts_9_m:59:84	"14,6); spyan po ran 'dod can ni — ""selbst-"
alternate_witness_google_loc_nasal_upgrade	mnon	mṅon	1	1	wts_9_m:60:26	las grub sku bźři ban rim mnon par mtho
alternate_witness_google_loc_nasal_upgrade	dan	dañ	1	1	wts_9_m:61:81	"Lex. man po dan nun ba ""viel und wenig"""
alternate_witness_google_loc_nasal_upgrade	sKya-rna-rtsa	sKya-rña-rtsa	1	1	wts_9_m:68:60	"bcas te ""sie kamen in sKya-rna-rtsa in Mañ-"
alternate_witness_citation_siglum	L5dz-K	Lśdz-K	1	1	wts_9_m:71:37	"Grundlagen"" (L5dz-K 305,22); — gi bdud"
alternate_witness_google_loc_nasal_upgrade	nag	ñag	1	1	wts_9_m:71:41	"glams nag gam ne bar ston pa ""Belehrung"
alternate_witness_google_loc_nasal_upgrade	gNa-khri	gÑa-khri	1	1	wts_9_m:72:12	"(metr.) ""von gNa-khri btsan-po an bis zu"
alternate_witness_google_loc_fricative_upgrade	zig	źig	1	1	wts_9_m:72:18	"broyud pa zig gda' bas ""dies ist von Samanta-"
alternate_witness_initial_i_to_l_translit	Ihar	lhar	1	1	wts_9_m:72:63	"eigenen Lebens"" (In? 7); Ihar bcas 'jig rten"
alternate_witness_initial_i_to_l_translit	Ibo	lho	1	1	wts_9_m:76:33	Ibo ru — Sa sna tshogs / nub tu padma
alternate_witness_google_loc_nasal_upgrade	chan	chaṅ	1	1	wts_9_m:76:52	— ini chan chan la gyur gyis ni ma bnabs
alternate_witness_google_loc_nasal_upgrade	mnar	mṅar	1	1	wts_9_m:79:28	rlei la skyur dari — lan tsha dan / mnar ba'i
alternate_witness_google_loc_fricative_upgrade	bzus	bźus	1	1	wts_9_m:79:54	"Lex. mar dkar bzus pa'i rin khbu ""Essenz aus"
alternate_witness_google_loc_nasal_upgrade	dnulla	dṅulla	1	1	wts_9_m:80:25	rin po che das nor bu dan gser dnulla sogs pa'i
alternate_witness_google_loc_fricative_upgrade	gsog	gśog	1	1	wts_9_m:80:37	མར་གད་གཤོག་ mar gad gsog Bez. für Papagei.
alternate_witness_google_loc_nasal_upgrade	pan	paṅ	1	1	wts_9_m:87:28	mo la / ma pan g.yu mtsho bya bar (b)tags
alternate_witness_google_loc_velar_nasal_upgrade	pañ	paṅ	1	1	wts_9_m:87:31	"pañ g.yu-mtsho"" (Gafisri 473,5)."
alternate_witness_google_loc_fricative_upgrade	gsom	gśom	1	1	wts_9_m:88:46	མལ་གཤོམ་ mal gsom Herrichten des Bertes.
alternate_witness_google_loc_nasal_upgrade	son	soñ	1	1	wts_9_m:105:13	son ba na zan yañ ~i gtsug lag chen po yod
alternate_witness_google_loc_nasal_upgrade	mons	moñs	1	1	wts_9_m:110:58	rnams ion mons kyi dbari du 'gro ba dkon
alternate_witness_google_loc_nasal_upgrade	mna	mña	1	1	wts_9_m:112:46	"chos rnams thugs mna' — gzuns thob yin ""ich"
alternate_witness_google_loc_nasal_upgrade	gzuns	gzuṅs	1	1	wts_9_m:112:46	"chos rnams thugs mna' — gzuns thob yin ""ich"
alternate_witness_google_loc_nasal_upgrade	nal	ñal	1	1	wts_9_m:113:33	མེ་ཉལ་ཙམ་ mamai auch mi nal nam ein
alternate_witness_google_loc_fricative_upgrade	darsanena	darśanena	1	1	wts_9_m:117:2	"tikūlo darsanena ""nicht unangenehm beim"
alternate_witness_google_loc_nasal_upgrade	dnags	dṅags	1	1	wts_9_m:119:3	141); 9797 dnags kyi grub mtha'i 'dod tshul
alternate_witness_google_loc_fricative_upgrade	bsal	bśal	1	1	wts_9_m:120:72	"~~ mtsho la rta bsan (r. bsal) ""er wusch das"
alternate_witness_google_loc_fricative_upgrade	anisritah	aniśritah	1	1	wts_9_m:121:37	(Mvy 6694); —'am mi brten pa = anisritah
alternate_witness_initial_i_to_l_translit	Iha-bon	lha-bon	1	1	wts_9_m:125:27	po und Mi-bon Iha-bon rgyal-khrims snar-
alternate_witness_google_loc_nasal_upgrade	midban	midbaṅ	1	1	wts_9_m:125:35	ཨི་དབྲང་ midban Kurzf. f. mr'i dban po, auch
alternate_witness_hyphenated_initial_i_to_l_translit	pho-Iha-pa	pho-lha-pa	1	1	wts_9_m:125:72	"matdorf von Mi-dban pho-Iha-pa"" (""Dzam"
alternate_witness_google_loc_nasal_upgrade	grans	grañs	1	1	wts_9_m:126:13	"Lex. mi grans man nun gi 'bor ""eine Menge"
alternate_witness_initial_i_to_l_translit	Ihmi	lhun	1	1	wts_9_m:128:66	"1: 73,22); nor bu rin po che —""inani du Ihmi"
alternate_witness_google_loc_fricative_upgrade	gsen	gśen	1	1	wts_9_m:141:68	"gis rgyalrigs kyi gsen po — la broyud ""den"
alternate_witness_google_loc_nasal_upgrade	mna	mṅa	1	1	wts_9_m:142:16	— la / cog ros mna' bdag skrons (r. bkrons)
alternate_witness_google_loc_nasal_upgrade	khon	khoṅ	1	1	wts_9_m:146:25	"Geistes"" (gZer 892,5); khon pa'i snin dan"
alternate_witness_google_loc_nasal_upgrade	snin	sñiñ	1	1	wts_9_m:146:25	"Geistes"" (gZer 892,5); khon pa'i snin dan"
alternate_witness_google_loc_nasal_upgrade	sbran	sbraṅ	1	1	wts_9_m:154:68	"sbran rtsi — gcod skom (metr.) ""Honig nützt"
alternate_witness_google_loc_nasal_upgrade	bgron	bgroṅ	1	1	wts_9_m:165:72	phyir tsandra'i — bdun la bgron (r. bgrari)
alternate_witness_google_loc_nasal_upgrade	dran	draṅ	1	1	wts_9_m:167:56	153,15); reyu sbyor —s Iha dan dran sron
alternate_witness_google_loc_nasal_upgrade	sdan	sdaṅ	1	1	wts_9_m:169:30	(In12 N24); yul mi ... sdan po byed mi byun
alternate_witness_google_loc_nasal_upgrade	naivasamjnānāsamjnāyatanam	naivasamjñānāsamjñāyatanam	1	1	wts_9_m:173:68	skye mched = naivasamjnānāsamjnāyatanam
alternate_witness_google_loc_velar_nasal_upgrade	dbañ	dbaṅ	1	1	wts_9_m:176:35	མིའི་དབང་པོ་ mi'i dbaṅ po tmi dbañ.
alternate_witness_google_loc_fricative_upgrade	sa	śa	1	1	wts_9_m:176:38	མིའི་ཤ་ 7 Sa Tmi sa
alternate_witness_google_loc_nasal_upgrade	sgren	sgreṅ	1	1	wts_9_m:181:72	"rwa sgren ba la chos kyi — yod zer ""es hieß,"
alternate_witness_initial_i_to_l_translit	Ihas	lhas	1	1	wts_9_m:187:54	grag Ihas kyi bu dan yari dag royal pa (r.
alternate_witness_google_loc_fricative_upgrade	sa'i	śa'i	1	1	wts_9_m:194:43	o di bi sa'i yul du rgyal po ~ 'khor ston dañ
alternate_witness_citation_cleanup	mDz0dG	mDzodG	1	1	wts_9_m:197:29	"(mDz0dG 52,14); nub —""i smags nas zla ba"
alternate_witness_google_loc_nasal_upgrade	ni	ñi	1	1	wts_9_m:198:62	ni ma dan zla ba ... 'di güis kyi 'od dag nam
alternate_witness_google_loc_nasal_upgrade	tshin	tshiñ	1	1	wts_9_m:203:82	"dem Feuer"" (Prav 90,7); tshan tshin ñun zad"
alternate_witness_google_loc_nasal_upgrade	ñun	ñuṅ	1	1	wts_9_m:203:82	"dem Feuer"" (Prav 90,7); tshan tshin ñun zad"
alternate_witness_google_loc_nasal_upgrade	tshan	tshaṅ	1	1	wts_9_m:208:18	"che: mag tshan oder me khan"" (Li$ 21,8);"
alternate_witness_google_loc_nasal_upgrade	cin	ciṅ	1	1	wts_9_m:209:81	(Dagy); — gcig tu gyur cin bsreg go = e-
alternate_witness_google_loc_nasal_upgrade	khens	kheṅs	1	1	wts_9_m:214:80	sbran rtsi rgya chen thig les rnam khens —
alternate_witness_hyphenated_initial_i_to_l_translit	Iha-mdzes	lha-mdzes	1	1	wts_9_m:218:26	Iha-mdzes, die jüngste Tochter des gTsug-na
alternate_witness_google_loc_fricative_upgrade	bsor	bśor	1	1	wts_9_m:221:2	12.34b); phye ma leb bsor ba'i me'i ph
alternate_witness_google_loc_nasal_upgrade	gźon	gźoṅ	1	1	wts_9_m:223:20	Lex. me phor ram mei snod dari me'i gźon
alternate_witness_google_loc_nasal_upgrade	nar	ṅar	1	1	wts_9_m:227:39	2747 ༡707 grub chen —'i sgrub gnas nar phug ...
alternate_witness_google_loc_nasal_upgrade	sbyon	sbyoṅ	1	1	wts_9_m:230:71	"unermeßlich"" (1118 20); de'i dge sbyon gi zshul"
alternate_witness_google_loc_nasal_upgrade	rna	rṅa	1	1	wts_9_m:231:65	(Bea 5.3c); rdza rna la sogs brduns kyan sgra
alternate_witness_google_loc_fricative_upgrade	si	śi	1	1	wts_9_m:245:59	"dä und Nandabalä"" (Prav 79,25); ka si mdzes"
alternate_witness_google_loc_nasal_upgrade	khen	kheṅ	1	1	wts_9_m:247:77	— glan la khen log byuṅ / me — bya la ban
alternate_witness_google_loc_nasal_upgrade	glan	glañ	1	1	wts_9_m:252:42	(MigTo 103,17); mo yin na lcan ma glan mi
alternate_witness_google_loc_nasal_upgrade	nom	ṅom	1	1	wts_9_m:254:2	(8750 81); — gi nom (r. mon) ston 'phags
alternate_witness_google_loc_nasal_upgrade	rmons	rmoṅs	1	1	wts_9_m:254:28	351); mon brtul ni blun po (Li$ 17,1); rmons
alternate_witness_initial_i_to_l_translit	Iho'i	lho'i	1	1	wts_9_m:257:62	"nen"" ('Dzam 18,12); de nas sar Iho'i phyogs"
alternate_witness_google_loc_nasal_upgrade	la'an	la'aṅ	1	1	wts_9_m:259:27	"las byun ba'i gos la'an ""im Vinayavibhanga"
alternate_witness_google_loc_nasal_upgrade	rna'i	rña'i	1	1	wts_9_m:261:36	-irdul phra rab rnams ni rna'i spubs Ita
alternate_witness_google_loc_fricative_upgrade	sil	śil	1	1	wts_9_m:261:60	nung morgu bde sil, d.h. 'unfehlbarer Lehrer
alternate_witness_google_loc_fricative_upgrade	morgubdesir	morgubdeśir	1	1	wts_9_m:261:73	"btus te / morgubdesir bsgo ba lags ""bis heu-"
alternate_witness_google_loc_fricative_upgrade	morgudesi	morgudeśi	1	1	wts_9_m:262:6	"mkhan po morgudesi la sogs pa ""z.B. Mor-"
alternate_witness_google_loc_fricative_upgrade	gudesi	gudeśi	1	1	wts_9_m:262:7	"gudesi, der mkhan po von Gautosan, usw."""
alternate_witness_google_loc_nasal_upgrade	glen	gleṅ	1	1	wts_9_m:262:76	"beraten"" (brDa); — pa = gtam glen ba ""sich"
alternate_witness_google_loc_nasal_upgrade	snam	sñam	1	1	wts_9_m:264:75	"snam du 'dzin pa' $es pa'o ""Bewußtsein, das"
alternate_witness_google_loc_fricative_upgrade	su	śu	1	1	wts_9_m:268:55	640,2); ston zla tha chun ñi su Ina la mya ñan
alternate_witness_google_loc_nasal_upgrade	drun	druṅ	1	1	wts_9_m:274:8	"po drun du lhags nas ""nachdem ich zum Land"
alternate_witness_initial_i_to_l_translit	Iha	lha'i	1	1	wts_9_m:274:43	"ste / Iha ?¡ ni sras po bZugs ""am anderen Ufer"
alternate_witness_strict_translit	yań	yaṅ	1	1	wts_9_m:275:53	"yań = mgo phyi ru ring tsam laañ ""auch für:"
alternate_witness_citation_siglum	PS	Ps	1	1	wts_9_m:276:35	"(PS 61d); — Jig par rig par bya (metr.) ""man"
alternate_witness_google_loc_nasal_upgrade	mdun	mduṅ	1	1	wts_9_m:277:84	"sa dhnigs Ice mdun la sogs pa (metr.) ""strate-"
alternate_witness_google_loc_nasal_upgrade	cin	ciñ	1	1	wts_9_m:282:15	dgu thams cad yid rnam par 'khrug cin —
alternate_witness_hyphenated_initial_i_to_l_translit	dPal-Idan	dPal-ldan	1	1	wts_9_m:293:79	nungsform der dPal-Idan Iha-mo.
alternate_witness_initial_i_to_l_translit	Iha-mo	lha-mo	1	1	wts_9_m:293:79	nungsform der dPal-Idan Iha-mo.
alternate_witness_google_loc_nasal_upgrade	rnan	rṅan	1	1	wts_9_m:299:3	mi mdzad ci / — la rnan chan mi mdzad
alternate_witness_google_loc_fricative_upgrade	gsogpho	gśogpho	1	1	wts_9_m:304:30	"~s khra gsogpho ñar 'gyed (metr.) ""die Dun-"
alternate_witness_google_loc_nasal_upgrade	stens	steṅs	1	1	wts_9_m:306:80	"nub phyogs su bya —' mehn stens sie ""im"
alternate_witness_citation_siglum	g7i	gZi	1	1	wts_9_m:314:46	"der dMu vor seinem Lehrer nieder"" (g7i"
alternate_witness_google_loc_nasal_upgrade	nen	ñen	1	1	wts_9_m:319:9	blon chen po btsan sña dan / man nen
alternate_witness_google_loc_nasal_upgrade	snags	sṅags	1	1	wts_9_m:321:1	དམོད་པ་དྲག་སྔགས་ dmod pa drag snags
alternate_witness_google_loc_nasal_upgrade	gran	graṅ	1	1	wts_9_m:321:54	Lex. isha dinyal broyad dan gran dmyal
alternate_witness_google_loc_nasal_upgrade	sbans	sbañs	1	1	wts_9_m:326:44	"rta sbans man po —""inari du bsgyur (7. skyur)"
alternate_witness_google_loc_nasal_upgrade	khrun	khruṅ	1	1	wts_9_m:327:28	"han pa dari / khrun khrun dan / — dan ""Gän-"
alternate_witness_citation_siglum	Pś	Ps	1	1	wts_9_m:327:33	"kes Gift zu sich nimmt"" (Pś 21d); ~ so"
alternate_witness_google_loc_nasal_upgrade	rna'i	rṅa'i	1	1	wts_9_m:328:12	"singt"" (Magy 3b4); —s dbyar rna'i sgra thos"
alternate_witness_google_loc_nasal_upgrade	gsuns	gsuṅs	1	1	wts_9_m:328:35	"rin chen spwns pa' thugs 'bum gsuns ""da-"
alternate_witness_google_loc_nasal_upgrade	mdons	mdoṅs	1	1	wts_9_m:328:67	rma bya'i sgro mdons
alternate_witness_google_loc_nasal_upgrade	nam	ñam	1	1	wts_9_m:335:40	pa sogs chag che Zin nam na ba bzlogpa'i thabs
alternate_witness_google_loc_nasal_upgrade	gnid	gñid	1	1	wts_9_m:339:50	bag yod gtam ni dran byas nas / gnid dan
alternate_witness_citation_siglum	Viś	Vis	1	1	wts_9_m:344:75	"chen Dingen verblendet worden"" (Viś 310);"
alternate_witness_google_loc_nasal_upgrade	rno	rṅo	1	1	wts_9_m:352:25	"rno thog na / bskyun re — re ""wenn Unschul-"
alternate_witness_google_loc_nasal_upgrade	sGan	sGaṅ	1	1	wts_9_m:353:63	terteilt, so sind es die sechs sGan in mDo-
alternate_witness_google_loc_velar_nasal_upgrade	sñom	sṅom	1	1	wts_9_m:356:65	"sñom pa'i ~ sbyar nas (metr.) ""man mischt"
alternate_witness_google_loc_nasal_upgrade	bcans	bcaṅs	1	1	wts_9_m:357:14	bras bu ...kakola ... de dag ma si bar bcans
alternate_witness_google_loc_nasal_upgrade	snan	sñan	1	1	wts_9_m:367:35	"snan broyud — gi dbari ... Zus ""er erbat eine"
alternate_witness_google_loc_nasal_upgrade	nin	ñin	1	1	wts_9_m:370:39	— (7? ... khrumts) smad rnanis kyi nin par
alternate_witness_google_loc_fricative_upgrade	sar	śar	1	1	wts_9_m:370:45	(Siddh 27.7); sar phyogs su skar ma — char
alternate_witness_google_loc_nasal_upgrade	bsKal-bzan	bsKal-bzaṅ	1	1	wts_9_m:376:30	zan sci, der rgyal ba bsKal-bzan rgya-mtsho
alternate_witness_google_loc_nasal_upgrade	myan	myaṅ	1	1	wts_9_m:378:26	bran gyi sa ris kyi nani du / myan nam to re
alternate_witness_google_loc_velar_nasal_upgrade	zuñ	zuṅ	1	1	wts_9_m:378:27	khru gru dan / ~ tsen sku spad kyani / 'dzi zuñ
alternate_witness_google_loc_fricative_upgrade	sis	śis	1	1	wts_9_m:379:90	"64,5); bkra sis — gyi rgyas btab cin ""indem"
alternate_witness_citation_cleanup	Doll	Dol1	1	1	wts_9_m:389:17	"ten Heiligen von dBus"" (Doll 34,18); gan"
alternate_witness_google_loc_nasal_upgrade	bsnon	bsñon	1	1	wts_9_m:389:30	co bsnon (7, smiyon) tshig ma smra dan (metr.)
alternate_witness_google_loc_nasal_upgrade	tsen	tseṅ	1	1	wts_9_m:389:71	"tsen sku gchig pu pyi na tshur — ste ""Tsen-"
alternate_witness_initial_i_to_l_translit	Ihod	lhod	1	1	wts_9_m:398:11	47,16); lam bsdam kyani ... Ihod dgos tshul bcas
alternate_witness_google_loc_nasal_upgrade	nur	ṅur	1	1	wts_9_m:400:7	"dungsstück"" (Lis 29,14); gos tsbos ma / nur —"
alternate_witness_citation_siglum	LiS	Liś	1	1	wts_9_m:400:14	par smra ba (LiS 6,9); — ba = rum par smva ba
