volume	page	line	token_index	from_token	to_token	reason	evidence	review_note
wts_8_b	69	16	2	sañ	saṅ	reviewed_tibetan_exact_final_ng	existing_reviewed_exact_cleanup	Exact page-line-token reviewed; no broad final-ng rule
wts_8_b	109	71	4	Myañ	Myaṅ	reviewed_tibetan_exact_final_ng	existing_reviewed_exact_cleanup	Exact page-line-token reviewed; no broad final-ng rule
wts_8_b	150	30	10	miñ	miṅ	reviewed_tibetan_exact_final_ng	existing_reviewed_exact_cleanup	Exact page-line-token reviewed; no broad final-ng rule
wts_8_b	186	65	3	miñ	miṅ	reviewed_tibetan_exact_final_ng	existing_reviewed_exact_cleanup	Exact page-line-token reviewed; no broad final-ng rule
wts_8_b	212	14	1	sañ	saṅ	reviewed_tibetan_exact_final_ng	existing_reviewed_exact_cleanup	Exact page-line-token reviewed; no broad final-ng rule
wts_8_b	232	30	8	sañ	saṅ	reviewed_tibetan_exact_final_ng	existing_reviewed_exact_cleanup	Exact page-line-token reviewed; no broad final-ng rule
wts_8_b	269	53	13	miñ	miṅ	reviewed_tibetan_exact_final_ng	existing_reviewed_exact_cleanup	Exact page-line-token reviewed; no broad final-ng rule
wts_8_b	309	57	2	Myañ	Myaṅ	reviewed_tibetan_exact_final_ng	existing_reviewed_exact_cleanup	Exact page-line-token reviewed; no broad final-ng rule
wts_8_b	436	53	8	miñ	miṅ	reviewed_tibetan_exact_final_ng	existing_reviewed_exact_cleanup	Exact page-line-token reviewed; no broad final-ng rule
wts_8_b	464	41	6	sañ	saṅ	reviewed_tibetan_exact_final_ng	existing_reviewed_exact_cleanup	Exact page-line-token reviewed; no broad final-ng rule
wts_8_b	522	60	4	miñ	miṅ	reviewed_tibetan_exact_final_ng	existing_reviewed_exact_cleanup	Exact page-line-token reviewed; no broad final-ng rule
wts_8_b	526	92	4	Myañ	Myaṅ	reviewed_tibetan_exact_final_ng	existing_reviewed_exact_cleanup	Exact page-line-token reviewed; no broad final-ng rule
wts_8_b	553	75	6	Myañ	Myaṅ	reviewed_tibetan_exact_final_ng	existing_reviewed_exact_cleanup	Exact page-line-token reviewed; no broad final-ng rule
wts_8_b	553	76	4	Myañ	Myaṅ	reviewed_tibetan_exact_final_ng	existing_reviewed_exact_cleanup	Exact page-line-token reviewed; no broad final-ng rule
wts_8_b	564	71	9	miñ	miṅ	reviewed_tibetan_exact_final_ng	existing_reviewed_exact_cleanup	Exact page-line-token reviewed; no broad final-ng rule
wts_8_b	572	82	1	sañ	saṅ	reviewed_tibetan_exact_final_ng	existing_reviewed_exact_cleanup	Exact page-line-token reviewed; no broad final-ng rule
wts_9_m	68	2	5	dnos	dṅos	reviewed_tibetan_exact_dngos	existing_reviewed_exact_cleanup	Exact page-line-token reviewed; dnos does not become dños
wts_9_m	143	10	5	dnos	dṅos	reviewed_tibetan_exact_dngos	existing_reviewed_exact_cleanup	Exact page-line-token reviewed; dnos does not become dños
wts_9_m	190	77	2	dnos	dṅos	reviewed_tibetan_exact_dngos	existing_reviewed_exact_cleanup	Exact page-line-token reviewed; dnos does not become dños
wts_9_m	229	33	6	dnos	dṅos	reviewed_tibetan_exact_dngos	existing_reviewed_exact_cleanup	Exact page-line-token reviewed; dnos does not become dños
wts_9_m	351	41	1	gNa-khri	gÑa-khri	reviewed_tibetan_exact_gna_khri	existing_reviewed_exact_cleanup	Exact page-line-token reviewed; palatal nasal is local to this token
wts_9_m	381	57	8	dnos	dṅos	reviewed_tibetan_exact_dngos	existing_reviewed_exact_cleanup	Exact page-line-token reviewed; dnos does not become dños
wts_9_m	134	28	6	añ	aṅ	reviewed_tibetan_exact_final_ng	wts9_unresolved_bucket_final_ng_context	Exact page-line-token reviewed; no broad final-ng rule
wts_9_m	253	12	4	añ	aṅ	reviewed_tibetan_exact_final_ng	wts9_unresolved_bucket_final_ng_context	Exact page-line-token reviewed; no broad final-ng rule
wts_9_m	394	14	8	añ	aṅ	reviewed_tibetan_exact_final_ng	wts9_unresolved_bucket_final_ng_context	Exact page-line-token reviewed; no broad final-ng rule
wts_9_m	126	82	6	lañ	laṅ	reviewed_tibetan_exact_final_ng	wts9_unresolved_bucket_final_ng_context	Exact page-line-token reviewed; no broad final-ng rule
wts_9_m	204	87	8	lañ	laṅ	reviewed_tibetan_exact_final_ng	wts9_unresolved_bucket_final_ng_context	Exact page-line-token reviewed; no broad final-ng rule
wts_9_m	287	86	8	lañ	laṅ	reviewed_tibetan_exact_final_ng	wts9_unresolved_bucket_final_ng_context	Exact page-line-token reviewed; no broad final-ng rule
wts_9_m	302	40	3	lañ	laṅ	reviewed_tibetan_exact_final_ng	wts9_unresolved_bucket_final_ng_context	Exact page-line-token reviewed; no broad final-ng rule
wts_9_m	57	3	2	sañ	saṅ	reviewed_tibetan_exact_final_ng	wts9_unresolved_bucket_final_ng_context	Exact page-line-token reviewed; no broad final-ng rule
wts_9_m	113	27	1	sañ	saṅ	reviewed_tibetan_exact_final_ng	wts9_unresolved_bucket_final_ng_context	Exact page-line-token reviewed; no broad final-ng rule
wts_9_m	186	33	5	sañ	saṅ	reviewed_tibetan_exact_final_ng	wts9_unresolved_bucket_final_ng_context	Exact page-line-token reviewed; no broad final-ng rule
wts_9_m	257	15	7	sañ	saṅ	reviewed_tibetan_exact_final_ng	wts9_unresolved_bucket_final_ng_context	Exact page-line-token reviewed; no broad final-ng rule
wts_9_m	83	12	5	snañ	snaṅ	reviewed_tibetan_exact_final_ng	wts9_unresolved_bucket_final_ng_context	Exact page-line-token reviewed; no broad final-ng rule
wts_9_m	139	6	4	snañ	snaṅ	reviewed_tibetan_exact_final_ng	wts9_unresolved_bucket_final_ng_context	Exact page-line-token reviewed; no broad final-ng rule
wts_9_m	261	23	2	snañ	snaṅ	reviewed_tibetan_exact_final_ng	wts9_unresolved_bucket_final_ng_context	Exact page-line-token reviewed; no broad final-ng rule
wts_9_m	268	67	6	snañ	snaṅ	reviewed_tibetan_exact_final_ng	wts9_unresolved_bucket_final_ng_context	Exact page-line-token reviewed; no broad final-ng rule
wts_9_m	255	93	9	kyañ	kyaṅ	reviewed_tibetan_exact_final_ng	wts9_unresolved_bucket_final_ng_context	Exact page-line-token reviewed; no broad final-ng rule
wts_9_m	341	50	5	kyañ	kyaṅ	reviewed_tibetan_exact_final_ng	wts9_unresolved_bucket_final_ng_context	Exact page-line-token reviewed; no broad final-ng rule
wts_9_m	393	49	7	kyañ	kyaṅ	reviewed_tibetan_exact_final_ng	wts9_unresolved_bucket_final_ng_context	Exact page-line-token reviewed; no broad final-ng rule
wts_9_m	258	5	1	Bum-thañ	Bum-thaṅ	reviewed_tibetan_exact_final_ng	wts9_unresolved_bucket_final_ng_context	Exact page-line-token reviewed; no broad final-ng rule
wts_9_m	350	72	5	Bum-thañ	Bum-thaṅ	reviewed_tibetan_exact_final_ng	wts9_unresolved_bucket_final_ng_context	Exact page-line-token reviewed; no broad final-ng rule
wts_9_m	66	24	5	Mañ-po-rje	Maṅ-po-rje	reviewed_tibetan_exact_final_ng	wts9_unresolved_bucket_final_ng_context	Exact page-line-token reviewed; no broad final-ng rule
wts_9_m	66	33	4	Mañ-po-rje	Maṅ-po-rje	reviewed_tibetan_exact_final_ng	wts9_unresolved_bucket_final_ng_context	Exact page-line-token reviewed; no broad final-ng rule
wts_9_m	39	11	5	gsañ	gsaṅ	reviewed_tibetan_exact_final_ng	wts9_unresolved_bucket_final_ng_context	Exact page-line-token reviewed; no broad final-ng rule
wts_9_m	240	31	5	gsañ	gsaṅ	reviewed_tibetan_exact_final_ng	wts9_unresolved_bucket_final_ng_context	Exact page-line-token reviewed; no broad final-ng rule
wts_9_m	283	34	4	la'añ	la'aṅ	reviewed_tibetan_exact_final_ng	wts9_unresolved_bucket_final_ng_context	Exact page-line-token reviewed; no broad final-ng rule
wts_9_m	371	45	6	la'añ	la'aṅ	reviewed_tibetan_exact_final_ng	wts9_unresolved_bucket_final_ng_context	Exact page-line-token reviewed; no broad final-ng rule
wts_9_m	132	84	8	oñ	oṅ	reviewed_tibetan_exact_final_ng	wts9_unresolved_bucket_final_ng_context	Exact page-line-token reviewed; no broad final-ng rule
wts_9_m	305	54	2	oñ	oṅ	reviewed_tibetan_exact_final_ng	wts9_unresolved_bucket_final_ng_context	Exact page-line-token reviewed; no broad final-ng rule
wts_9_m	33	68	10	pañ	paṅ	reviewed_tibetan_exact_final_ng	wts9_unresolved_bucket_final_ng_context	Exact page-line-token reviewed; no broad final-ng rule
wts_9_m	36	23	5	pañ	paṅ	reviewed_tibetan_exact_final_ng	wts9_unresolved_bucket_final_ng_context	Exact page-line-token reviewed; no broad final-ng rule
wts_9_m	105	13	1	soñ	soṅ	reviewed_tibetan_exact_final_ng	wts9_unresolved_bucket_final_ng_context	Exact page-line-token reviewed; no broad final-ng rule
wts_9_m	277	79	7	soñ	soṅ	reviewed_tibetan_exact_final_ng	wts9_unresolved_bucket_final_ng_context	Exact page-line-token reviewed; no broad final-ng rule
wts_9_m	162	60	7	Cañ-keñ	Caṅ-keṅ	reviewed_tibetan_exact_final_ng	wts9_unresolved_bucket_final_ng_context	Exact page-line-token reviewed; no broad final-ng rule
wts_9_m	99	44	3	Do-mo'i-thañ	Do-mo'i-thaṅ	reviewed_tibetan_exact_final_ng	wts9_unresolved_bucket_final_ng_context	Exact page-line-token reviewed; no broad final-ng rule
wts_9_m	28	10	4	Gañgā	Gaṅgā	reviewed_tibetan_exact_final_ng	wts9_unresolved_bucket_final_ng_context	Exact page-line-token reviewed; no broad final-ng rule
wts_9_m	351	23	5	Gañsri	Gaṅsri	reviewed_tibetan_exact_final_ng	wts9_unresolved_bucket_final_ng_context	Exact page-line-token reviewed; no broad final-ng rule
wts_9_m	286	75	3	Keñ-śi	Keṅ-śi	reviewed_tibetan_exact_final_ng	wts9_unresolved_bucket_final_ng_context	Exact page-line-token reviewed; no broad final-ng rule
wts_9_m	242	57	5	Kim-śañ	Kim-śaṅ	reviewed_tibetan_exact_final_ng	wts9_unresolved_bucket_final_ng_context	Exact page-line-token reviewed; no broad final-ng rule
wts_9_m	24	55	10	Matañ	Mataṅ	reviewed_tibetan_exact_final_ng	wts9_unresolved_bucket_final_ng_context	Exact page-line-token reviewed; no broad final-ng rule
wts_9_m	61	25	3	Mañ-mkhar	Maṅ-mkhar	reviewed_tibetan_exact_final_ng	wts9_unresolved_bucket_final_ng_context	Exact page-line-token reviewed; no broad final-ng rule
wts_9_m	227	44	4	Me-loñ	Me-loṅ	reviewed_tibetan_exact_final_ng	wts9_unresolved_bucket_final_ng_context	Exact page-line-token reviewed; no broad final-ng rule
wts_9_m	125	82	6	Mri-dbañ-po	Mri-dbaṅ-po	reviewed_tibetan_exact_final_ng	wts9_unresolved_bucket_final_ng_context	Exact page-line-token reviewed; no broad final-ng rule
wts_9_m	178	75	4	Mu-khyuñń-rgyan	Mu-khyuṅ-rgyan	reviewed_tibetan_exact_ambitious_residual_context	tibetan_ambitious_residual_cleanup_20260622	Exact residual Tibetan proper-name cleanup reviewed in local context; no broad nasal repair rule
wts_9_m	66	24	4	Myañ	Myaṅ	reviewed_tibetan_exact_final_ng	wts9_unresolved_bucket_final_ng_context	Exact page-line-token reviewed; no broad final-ng rule
wts_9_m	272	69	7	Myañ	Myaṅ	reviewed_tibetan_exact_final_ng	wts9_unresolved_bucket_final_ng_context	Exact page-line-token reviewed; no broad final-ng rule
wts_9_m	24	28	3	Mātañgarāja	Mātaṅgarāja	reviewed_tibetan_exact_final_ng	wts9_unresolved_bucket_final_ng_context	Exact page-line-token reviewed; no broad final-ng rule
wts_9_m	239	44	6	Nañ-stod	Naṅ-stod	reviewed_tibetan_exact_final_ng	wts9_unresolved_bucket_final_ng_context	Exact page-line-token reviewed; no broad final-ng rule
wts_9_m	340	70	5	Nañ-śa	Naṅ-śa	reviewed_tibetan_exact_final_ng	wts9_unresolved_bucket_final_ng_context	Exact page-line-token reviewed; no broad final-ng rule
wts_9_m	71	70	3	Sañs	Saṅs	reviewed_tibetan_exact_final_ng	wts9_unresolved_bucket_final_ng_context	Exact page-line-token reviewed; no broad final-ng rule
wts_9_m	241	24	5	Sroñ	Sroṅ	reviewed_tibetan_exact_final_ng	wts9_unresolved_bucket_final_ng_context	Exact page-line-token reviewed; no broad final-ng rule
wts_9_m	200	70	5	Sroñ-btsan	Sroṅ-btsan	reviewed_tibetan_exact_final_ng	wts9_unresolved_bucket_final_ng_context	Exact page-line-token reviewed; no broad final-ng rule
wts_9_m	372	58	3	Yar-luñs	Yar-luṅs	reviewed_tibetan_exact_final_ng	wts9_unresolved_bucket_final_ng_context	Exact page-line-token reviewed; no broad final-ng rule
wts_9_m	325	22	7	Zañs	Zaṅs	reviewed_tibetan_exact_final_ng	wts9_unresolved_bucket_final_ng_context	Exact page-line-token reviewed; no broad final-ng rule
wts_9_m	22	35	4	Zañs-ri	Zaṅs-ri	reviewed_tibetan_exact_final_ng	wts9_unresolved_bucket_final_ng_context	Exact page-line-token reviewed; no broad final-ng rule
wts_9_m	192	13	6	bañ	baṅ	reviewed_tibetan_exact_final_ng	wts9_unresolved_bucket_final_ng_context	Exact page-line-token reviewed; no broad final-ng rule
wts_9_m	351	38	5	bre-sgañ	bre-sgaṅ	reviewed_tibetan_exact_final_ng	wts9_unresolved_bucket_final_ng_context	Exact page-line-token reviewed; no broad final-ng rule
wts_9_m	103	42	8	byañ	byaṅ	reviewed_tibetan_exact_final_ng	wts9_unresolved_bucket_final_ng_context	Exact page-line-token reviewed; no broad final-ng rule
wts_9_m	245	86	3	bzañ-mo	bzaṅ-mo	reviewed_tibetan_exact_final_ng	wts9_unresolved_bucket_final_ng_context	Exact page-line-token reviewed; no broad final-ng rule
wts_9_m	282	15	8	ciñ	ciṅ	reviewed_tibetan_exact_final_ng	wts9_unresolved_bucket_final_ng_context	Exact page-line-token reviewed; no broad final-ng rule
wts_9_m	351	22	1	dBus-gtsañ	dBus-gtsaṅ	reviewed_tibetan_exact_final_ng	wts9_unresolved_bucket_final_ng_context	Exact page-line-token reviewed; no broad final-ng rule
wts_9_m	325	28	6	dPañ	dPaṅ	reviewed_tibetan_exact_final_ng	wts9_unresolved_bucket_final_ng_context	Exact page-line-token reviewed; no broad final-ng rule
wts_9_m	94	92	2	dbañ-po	dbaṅ-po	reviewed_tibetan_exact_final_ng	wts9_unresolved_bucket_final_ng_context	Exact page-line-token reviewed; no broad final-ng rule
wts_9_m	225	43	3	dbañ-rgyal	dbaṅ-rgyal	reviewed_tibetan_exact_final_ng	wts9_unresolved_bucket_final_ng_context	Exact page-line-token reviewed; no broad final-ng rule
wts_9_m	105	36	2	diñs	diṅs	reviewed_tibetan_exact_final_ng	wts9_unresolved_bucket_final_ng_context	Exact page-line-token reviewed; no broad final-ng rule
wts_9_m	257	38	4	gTsañ-ma	gTsaṅ-ma	reviewed_tibetan_exact_final_ng	wts9_unresolved_bucket_final_ng_context	Exact page-line-token reviewed; no broad final-ng rule
wts_9_m	357	71	7	gañs	gaṅs	reviewed_tibetan_exact_final_ng	wts9_unresolved_bucket_final_ng_context	Exact page-line-token reviewed; no broad final-ng rule
wts_9_m	252	42	9	glañ	glaṅ	reviewed_tibetan_exact_final_ng	wts9_unresolved_bucket_final_ng_context	Exact page-line-token reviewed; no broad final-ng rule
wts_9_m	126	13	3	grañs	graṅs	reviewed_tibetan_exact_final_ng	wts9_unresolved_bucket_final_ng_context	Exact page-line-token reviewed; no broad final-ng rule
wts_9_m	22	30	2	khañ-dmar	khaṅ-dmar	reviewed_tibetan_exact_final_ng	wts9_unresolved_bucket_final_ng_context	Exact page-line-token reviewed; no broad final-ng rule
wts_9_m	64	37	2	luñ-pa	luṅ-pa	reviewed_tibetan_exact_final_ng	wts9_unresolved_bucket_final_ng_context	Exact page-line-token reviewed; no broad final-ng rule
wts_9_m	215	14	3	mdañs-can	mdaṅs-can	reviewed_tibetan_exact_final_ng	wts9_unresolved_bucket_final_ng_context	Exact page-line-token reviewed; no broad final-ng rule
wts_9_m	249	33	5	niñ	niṅ	reviewed_tibetan_exact_final_ng	wts9_unresolved_bucket_final_ng_context	Exact page-line-token reviewed; no broad final-ng rule
wts_9_m	45	40	7	rTsa-hreñ	rTsa-hreṅ	reviewed_tibetan_exact_final_ng	wts9_unresolved_bucket_final_ng_context	Exact page-line-token reviewed; no broad final-ng rule
wts_9_m	83	17	3	rTsañ	rTsaṅ	reviewed_tibetan_exact_final_ng	wts9_unresolved_bucket_final_ng_context	Exact page-line-token reviewed; no broad final-ng rule
wts_9_m	259	20	4	rTsoñ	rTsoṅ	reviewed_tibetan_exact_final_ng	wts9_unresolved_bucket_final_ng_context	Exact page-line-token reviewed; no broad final-ng rule
wts_9_m	262	42	8	riñs	riṅs	reviewed_tibetan_exact_final_ng	wts9_unresolved_bucket_final_ng_context	Exact page-line-token reviewed; no broad final-ng rule
wts_9_m	95	92	5	sañs	saṅs	reviewed_tibetan_exact_final_ng	wts9_unresolved_bucket_final_ng_context	Exact page-line-token reviewed; no broad final-ng rule
wts_9_m	326	44	2	sbañs	sbaṅs	reviewed_tibetan_exact_final_ng	wts9_unresolved_bucket_final_ng_context	Exact page-line-token reviewed; no broad final-ng rule
wts_9_m	354	4	1	sgañ	sgaṅ	reviewed_tibetan_exact_final_ng	wts9_unresolved_bucket_final_ng_context	Exact page-line-token reviewed; no broad final-ng rule
wts_9_m	206	84	6	sroñ-btsan	sroṅ-btsan	reviewed_tibetan_exact_final_ng	wts9_unresolved_bucket_final_ng_context	Exact page-line-token reviewed; no broad final-ng rule
wts_9_m	378	30	5	tseñ-sku	tseṅ-sku	reviewed_tibetan_exact_final_ng	wts9_unresolved_bucket_final_ng_context	Exact page-line-token reviewed; no broad final-ng rule
wts_9_m	8	72	5	tshañ	tshaṅ	reviewed_tibetan_exact_final_ng	wts9_unresolved_bucket_final_ng_context	Exact page-line-token reviewed; no broad final-ng rule
wts_9_m	163	26	2	tshañs	tshaṅs	reviewed_tibetan_exact_final_ng	wts9_unresolved_bucket_final_ng_context	Exact page-line-token reviewed; no broad final-ng rule
wts_9_m	203	82	7	tshiñ	tshiṅ	reviewed_tibetan_exact_final_ng	wts9_unresolved_bucket_final_ng_context	Exact page-line-token reviewed; no broad final-ng rule
wts_9_m	59	9	2	vañ	vaṅ	reviewed_tibetan_exact_final_ng	wts9_unresolved_bucket_final_ng_context	Exact page-line-token reviewed; no broad final-ng rule
wts_9_m	94	89	3	zañ	zaṅ	reviewed_tibetan_exact_final_ng	wts9_unresolved_bucket_final_ng_context	Exact page-line-token reviewed; no broad final-ng rule
wts_9_m	182	28	8	zuñ	zuṅ	reviewed_tibetan_exact_final_ng	wts9_unresolved_bucket_final_ng_context	Exact page-line-token reviewed; no broad final-ng rule
wts_8_b	12	26	7	dnos	dṅos	reviewed_tibetan_exact_dngos	tibetan_medium_cleanup_20260619	Exact page-line-token reviewed from Tibetan diagnostics; dnos is dṅos, not dños
wts_8_b	41	69	1	dnos	dṅos	reviewed_tibetan_exact_dngos	tibetan_medium_cleanup_20260619	Exact page-line-token reviewed from Tibetan diagnostics; dnos is dṅos, not dños
wts_8_b	100	74	11	dnos	dṅos	reviewed_tibetan_exact_dngos	tibetan_medium_cleanup_20260619	Exact page-line-token reviewed from Tibetan diagnostics; dnos is dṅos, not dños
wts_8_b	101	78	7	dnos	dṅos	reviewed_tibetan_exact_dngos	tibetan_medium_cleanup_20260619	Exact page-line-token reviewed from Tibetan diagnostics; dnos is dṅos, not dños
wts_8_b	132	11	4	dnos	dṅos	reviewed_tibetan_exact_dngos	tibetan_medium_cleanup_20260619	Exact page-line-token reviewed from Tibetan diagnostics; dnos is dṅos, not dños
wts_8_b	152	21	7	dnos	dṅos	reviewed_tibetan_exact_dngos	tibetan_medium_cleanup_20260619	Exact page-line-token reviewed from Tibetan diagnostics; dnos is dṅos, not dños
wts_8_b	235	59	3	dnos	dṅos	reviewed_tibetan_exact_dngos	tibetan_medium_cleanup_20260619	Exact page-line-token reviewed from Tibetan diagnostics; dnos is dṅos, not dños
wts_8_b	243	59	4	dnos	dṅos	reviewed_tibetan_exact_dngos	tibetan_medium_cleanup_20260619	Exact page-line-token reviewed from Tibetan diagnostics; dnos is dṅos, not dños
wts_8_b	245	13	8	dnos	dṅos	reviewed_tibetan_exact_dngos	tibetan_medium_cleanup_20260619	Exact page-line-token reviewed from Tibetan diagnostics; dnos is dṅos, not dños
wts_8_b	272	16	7	dnos	dṅos	reviewed_tibetan_exact_dngos	tibetan_medium_cleanup_20260619	Exact page-line-token reviewed from Tibetan diagnostics; dnos is dṅos, not dños
wts_8_b	281	9	6	dnos	dṅos	reviewed_tibetan_exact_dngos	tibetan_medium_cleanup_20260619	Exact page-line-token reviewed from Tibetan diagnostics; dnos is dṅos, not dños
wts_8_b	298	68	1	dnos	dṅos	reviewed_tibetan_exact_dngos	tibetan_medium_cleanup_20260619	Exact page-line-token reviewed from Tibetan diagnostics; dnos is dṅos, not dños
wts_8_b	306	41	7	dnos	dṅos	reviewed_tibetan_exact_dngos	tibetan_medium_cleanup_20260619	Exact page-line-token reviewed from Tibetan diagnostics; dnos is dṅos, not dños
wts_8_b	339	38	7	dnos	dṅos	reviewed_tibetan_exact_dngos	tibetan_medium_cleanup_20260619	Exact page-line-token reviewed from Tibetan diagnostics; dnos is dṅos, not dños
wts_8_b	399	4	2	dnos	dṅos	reviewed_tibetan_exact_dngos	tibetan_medium_cleanup_20260619	Exact page-line-token reviewed from Tibetan diagnostics; dnos is dṅos, not dños
wts_8_b	410	36	3	dnos	dṅos	reviewed_tibetan_exact_dngos	tibetan_medium_cleanup_20260619	Exact page-line-token reviewed from Tibetan diagnostics; dnos is dṅos, not dños
wts_8_b	448	18	3	dnos	dṅos	reviewed_tibetan_exact_dngos	tibetan_medium_cleanup_20260619	Exact page-line-token reviewed from Tibetan diagnostics; dnos is dṅos, not dños
wts_8_b	449	39	5	dnos	dṅos	reviewed_tibetan_exact_dngos	tibetan_medium_cleanup_20260619	Exact page-line-token reviewed from Tibetan diagnostics; dnos is dṅos, not dños
wts_8_b	467	58	2	dnos	dṅos	reviewed_tibetan_exact_dngos	tibetan_medium_cleanup_20260619	Exact page-line-token reviewed from Tibetan diagnostics; dnos is dṅos, not dños
wts_8_b	468	13	6	dnos	dṅos	reviewed_tibetan_exact_dngos	tibetan_medium_cleanup_20260619	Exact page-line-token reviewed from Tibetan diagnostics; dnos is dṅos, not dños
wts_8_b	469	26	1	dnos	dṅos	reviewed_tibetan_exact_dngos	tibetan_medium_cleanup_20260619	Exact page-line-token reviewed from Tibetan diagnostics; dnos is dṅos, not dños
wts_8_b	535	68	2	dnos	dṅos	reviewed_tibetan_exact_dngos	tibetan_medium_cleanup_20260619	Exact page-line-token reviewed from Tibetan diagnostics; dnos is dṅos, not dños
wts_8_b	547	9	8	dnos	dṅos	reviewed_tibetan_exact_dngos	tibetan_medium_cleanup_20260619	Exact page-line-token reviewed from Tibetan diagnostics; dnos is dṅos, not dños
wts_8_b	559	73	4	dnos	dṅos	reviewed_tibetan_exact_dngos	tibetan_medium_cleanup_20260619	Exact page-line-token reviewed from Tibetan diagnostics; dnos is dṅos, not dños
wts_8_b	574	18	6	dnos	dṅos	reviewed_tibetan_exact_dngos	tibetan_medium_cleanup_20260619	Exact page-line-token reviewed from Tibetan diagnostics; dnos is dṅos, not dños
wts_9_m	26	29	1	dnos	dṅos	reviewed_tibetan_exact_dngos	tibetan_medium_cleanup_20260619	Exact page-line-token reviewed from Tibetan diagnostics; dnos is dṅos, not dños
wts_9_m	103	78	9	dnos	dṅos	reviewed_tibetan_exact_dngos	tibetan_medium_cleanup_20260619	Exact page-line-token reviewed from Tibetan diagnostics; dnos is dṅos, not dños
wts_9_m	139	5	3	dnos	dṅos	reviewed_tibetan_exact_dngos	tibetan_medium_cleanup_20260619	Exact page-line-token reviewed from Tibetan diagnostics; dnos is dṅos, not dños
wts_9_m	142	2	1	dnos	dṅos	reviewed_tibetan_exact_dngos	tibetan_medium_cleanup_20260619	Exact page-line-token reviewed from Tibetan diagnostics; dnos is dṅos, not dños
wts_9_m	233	35	4	dnos	dṅos	reviewed_tibetan_exact_dngos	tibetan_medium_cleanup_20260619	Exact page-line-token reviewed from Tibetan diagnostics; dnos is dṅos, not dños
wts_9_m	255	87	5	dnos	dṅos	reviewed_tibetan_exact_dngos	tibetan_medium_cleanup_20260619	Exact page-line-token reviewed from Tibetan diagnostics; dnos is dṅos, not dños
wts_9_m	394	51	5	dnos	dṅos	reviewed_tibetan_exact_dngos	tibetan_medium_cleanup_20260619	Exact page-line-token reviewed from Tibetan diagnostics; dnos is dṅos, not dños
wts_8_b	15	61	7	VisT	ViśT	reviewed_siglum_exact_visht	tibetan_medium_cleanup_20260619	Exact citation siglum for Viśeṣastavatīkā; no broad siglum rule
wts_8_b	79	6	7	VisST	ViśT	reviewed_siglum_exact_visht	tibetan_medium_cleanup_20260619	Exact citation siglum for Viśeṣastavatīkā; no broad siglum rule
wts_8_b	135	51	7	VisT	ViśT	reviewed_siglum_exact_visht	tibetan_medium_cleanup_20260619	Exact citation siglum for Viśeṣastavatīkā; no broad siglum rule
wts_8_b	192	4	5	VisT	ViśT	reviewed_siglum_exact_visht	tibetan_medium_cleanup_20260619	Exact citation siglum for Viśeṣastavatīkā; no broad siglum rule
wts_8_b	236	82	6	VisT	ViśT	reviewed_siglum_exact_visht	tibetan_medium_cleanup_20260619	Exact citation siglum for Viśeṣastavatīkā; no broad siglum rule
wts_8_b	243	86	5	VisST	ViśT	reviewed_siglum_exact_visht	tibetan_medium_cleanup_20260619	Exact citation siglum for Viśeṣastavatīkā; no broad siglum rule
wts_8_b	309	83	7	ViST	ViśT	reviewed_siglum_exact_visht	tibetan_medium_cleanup_20260619	Exact citation siglum for Viśeṣastavatīkā; no broad siglum rule
wts_9_m	93	76	5	VisT	ViśT	reviewed_siglum_exact_visht	tibetan_medium_cleanup_20260619	Exact citation siglum for Viśeṣastavatīkā; no broad siglum rule
wts_9_m	144	46	8	VisT	ViśT	reviewed_siglum_exact_visht	tibetan_medium_cleanup_20260619	Exact citation siglum for Viśeṣastavatīkā; no broad siglum rule
wts_9_m	163	43	6	VisT	ViśT	reviewed_siglum_exact_visht	tibetan_medium_cleanup_20260619	Exact citation siglum for Viśeṣastavatīkā; no broad siglum rule
wts_9_m	198	26	8	VisT	ViśT	reviewed_siglum_exact_visht	tibetan_medium_cleanup_20260619	Exact citation siglum for Viśeṣastavatīkā; no broad siglum rule
wts_9_m	231	33	6	VisT	ViśT	reviewed_siglum_exact_visht	tibetan_medium_cleanup_20260619	Exact citation siglum for Viśeṣastavatīkā; no broad siglum rule
wts_9_m	235	21	6	VisT	ViśT	reviewed_siglum_exact_visht	tibetan_medium_cleanup_20260619	Exact citation siglum for Viśeṣastavatīkā; no broad siglum rule
wts_9_m	240	45	6	VisT	ViśT	reviewed_siglum_exact_visht	tibetan_medium_cleanup_20260619	Exact citation siglum for Viśeṣastavatīkā; no broad siglum rule
wts_9_m	320	38	7	ViśsT	ViśT	reviewed_siglum_exact_visht	tibetan_medium_cleanup_20260619	Exact citation siglum for Viśeṣastavatīkā; no broad siglum rule
wts_9_m	320	46	7	visT	ViśT	reviewed_siglum_exact_visht	tibetan_medium_cleanup_20260619	Exact citation siglum for Viśeṣastavatīkā; no broad siglum rule
wts_9_m	398	43	7	VisT	ViśT	reviewed_siglum_exact_visht	tibetan_medium_cleanup_20260619	Exact citation siglum for Viśeṣastavatīkā; no broad siglum rule
wts_8_b	3	4	5	Blo-bzan	Blo-bzaṅ	reviewed_tibetan_exact_google_tibetan_candidate	tibetan_google_candidate_cleanup_20260621	Exact Google-supported Tibetan candidate adopted after local context review; Google gates unchanged
wts_8_b	3	32	4	Iha	lha	reviewed_tibetan_exact_initial_i_l_family	tibetan_initial_i_cleanup_20260621	Exact Google-corroborated initial-I/l-family OCR damage; impossible Tibetan initial form normalized without broad rule
wts_8_b	70	57	1	nań	naṅ	reviewed_tibetan_exact_residual_ng	tibetan_residual_ng_cleanup_20260621	Exact residual Tibetan final/nasal damage reviewed in local Tibetan context; no broad ń-to-ṅ rule
wts_8_b	146	16	5	dań	daṅ	reviewed_tibetan_exact_residual_ng	tibetan_residual_ng_cleanup_20260621	Exact residual Tibetan final/nasal damage reviewed in local Tibetan context; no broad ń-to-ṅ rule
wts_8_b	168	29	9	nań	naṅ	reviewed_tibetan_exact_residual_ng	tibetan_residual_ng_cleanup_20260621	Exact residual Tibetan final/nasal damage reviewed in local Tibetan context; no broad ń-to-ṅ rule
wts_8_b	249	75	4	źań	źaṅ	reviewed_tibetan_exact_residual_ng	tibetan_residual_ng_cleanup_20260621	Exact residual Tibetan final/nasal damage reviewed in local Tibetan context; no broad ń-to-ṅ rule
wts_8_b	257	25	5	nań	naṅ	reviewed_tibetan_exact_residual_ng	tibetan_residual_ng_cleanup_20260621	Exact residual Tibetan final/nasal damage reviewed in local Tibetan context; no broad ń-to-ṅ rule
wts_8_b	283	8	4	ńag	ṅag	reviewed_tibetan_exact_residual_ng	tibetan_residual_ng_cleanup_20260621	Exact residual Tibetan final/nasal damage reviewed in local Tibetan context; no broad ń-to-ṅ rule
wts_8_b	335	64	8	dań	daṅ	reviewed_tibetan_exact_residual_ng	tibetan_residual_ng_cleanup_20260621	Exact residual Tibetan final/nasal damage reviewed in local Tibetan context; no broad ń-to-ṅ rule
wts_8_b	336	74	5	źigyoń	źigyoṅ	reviewed_tibetan_exact_residual_ng	tibetan_residual_ng_cleanup_20260621	Exact residual Tibetan final/nasal damage reviewed in local Tibetan context; no broad ń-to-ṅ rule
wts_8_b	342	35	3	kyań	kyaṅ	reviewed_tibetan_exact_residual_ng	tibetan_residual_ng_cleanup_20260621	Exact residual Tibetan final/nasal damage reviewed in local Tibetan context; no broad ń-to-ṅ rule
wts_8_b	398	7	10	źań	źaṅ	reviewed_tibetan_exact_residual_ng	tibetan_residual_ng_cleanup_20260621	Exact residual Tibetan final/nasal damage reviewed in local Tibetan context; no broad ń-to-ṅ rule
wts_8_b	412	1	5	miń	miṅ	reviewed_tibetan_exact_residual_ng	tibetan_residual_ng_cleanup_20260621	Exact residual Tibetan final/nasal damage reviewed in local Tibetan context; no broad ń-to-ṅ rule
wts_8_b	445	4	3	bźeńs	bźeṅs	reviewed_tibetan_exact_residual_ng	tibetan_residual_ng_cleanup_20260621	Exact residual Tibetan final/nasal damage reviewed in local Tibetan context; no broad ń-to-ṅ rule
wts_8_b	464	42	9	dagkyań	dagkyaṅ	reviewed_tibetan_exact_residual_ng	tibetan_residual_ng_cleanup_20260621	Exact residual Tibetan final/nasal damage reviewed in local Tibetan context; no broad ń-to-ṅ rule
wts_8_b	547	42	7	dań	daṅ	reviewed_tibetan_exact_residual_ng	tibetan_residual_ng_cleanup_20260621	Exact residual Tibetan final/nasal damage reviewed in local Tibetan context; no broad ń-to-ṅ rule
wts_9_m	5	4	2	Iha	lha	reviewed_tibetan_exact_initial_i_l_family	tibetan_initial_i_cleanup_20260621	Exact Google-corroborated initial-I/l-family OCR damage; impossible Tibetan initial form normalized without broad rule
wts_9_m	5	33	5	Ihan	lhan	reviewed_tibetan_exact_initial_i_l_family	tibetan_initial_i_cleanup_20260621	Exact Google-corroborated initial-I/l-family OCR damage; impossible Tibetan initial form normalized without broad rule
wts_9_m	6	34	5	Iha	lha	reviewed_tibetan_exact_initial_i_l_family	tibetan_initial_i_cleanup_20260621	Exact Google-corroborated initial-I/l-family OCR damage; impossible Tibetan initial form normalized without broad rule
wts_9_m	6	54	7	Idan	ldan	reviewed_tibetan_exact_initial_i_l_family	tibetan_initial_i_cleanup_20260621	Exact Google-corroborated initial-I/l-family OCR damage; impossible Tibetan initial form normalized without broad rule
wts_9_m	6	84	5	Idan	ldan	reviewed_tibetan_exact_initial_i_l_family	tibetan_initial_i_cleanup_20260621	Exact Google-corroborated initial-I/l-family OCR damage; impossible Tibetan initial form normalized without broad rule
wts_9_m	7	37	5	Ita	lta	reviewed_tibetan_exact_initial_i_l_family	tibetan_initial_i_cleanup_20260621	Exact Google-corroborated initial-I/l-family OCR damage; impossible Tibetan initial form normalized without broad rule
wts_9_m	7	87	2	Ina	lṅa	reviewed_tibetan_exact_initial_i_l_family	tibetan_initial_i_cleanup_20260621	Exact Google-corroborated initial-I/l-family OCR damage; impossible Tibetan initial form normalized without broad rule
wts_9_m	8	57	6	Iho	lho	reviewed_tibetan_exact_initial_i_l_family	tibetan_initial_i_cleanup_20260621	Exact Google-corroborated initial-I/l-family OCR damage; impossible Tibetan initial form normalized without broad rule
wts_9_m	8	83	2	Iha	lha	reviewed_tibetan_exact_initial_i_l_family	tibetan_initial_i_cleanup_20260621	Exact Google-corroborated initial-I/l-family OCR damage; impossible Tibetan initial form normalized without broad rule
wts_9_m	10	3	1	Iha	lha	reviewed_tibetan_exact_initial_i_l_family	tibetan_initial_i_cleanup_20260621	Exact Google-corroborated initial-I/l-family OCR damage; impossible Tibetan initial form normalized without broad rule
wts_9_m	10	71	6	Ita'i	lta'i	reviewed_tibetan_exact_initial_i_l_family	tibetan_initial_i_cleanup_20260621	Exact Google-corroborated initial-I/l-family OCR damage; impossible Tibetan initial form normalized without broad rule
wts_9_m	10	80	6	Iha	lha	reviewed_tibetan_exact_initial_i_l_family	tibetan_initial_i_cleanup_20260621	Exact Google-corroborated initial-I/l-family OCR damage; impossible Tibetan initial form normalized without broad rule
wts_9_m	15	53	8	dań	daṅ	reviewed_tibetan_exact_residual_ng	tibetan_residual_ng_cleanup_20260621	Exact residual Tibetan final/nasal damage reviewed in local Tibetan context; no broad ń-to-ṅ rule
wts_9_m	15	88	7	Iha	lha	reviewed_tibetan_exact_initial_i_l_family	tibetan_initial_i_cleanup_20260621	Exact Google-corroborated initial-I/l-family OCR damage; impossible Tibetan initial form normalized without broad rule
wts_9_m	18	28	1	Iha	lha	reviewed_tibetan_exact_initial_i_l_family	tibetan_initial_i_cleanup_20260621	Exact Google-corroborated initial-I/l-family OCR damage; impossible Tibetan initial form normalized without broad rule
wts_9_m	18	75	4	Ita	lta	reviewed_tibetan_exact_initial_i_l_family	tibetan_initial_i_cleanup_20260621	Exact Google-corroborated initial-I/l-family OCR damage; impossible Tibetan initial form normalized without broad rule
wts_9_m	20	3	1	Ihun	lhun	reviewed_tibetan_exact_initial_i_l_family	tibetan_initial_i_cleanup_20260621	Exact Google-corroborated initial-I/l-family OCR damage; impossible Tibetan initial form normalized without broad rule
wts_9_m	28	6	8	Iha	lha	reviewed_tibetan_exact_initial_i_l_family	tibetan_initial_i_cleanup_20260621	Exact Google-corroborated initial-I/l-family OCR damage; impossible Tibetan initial form normalized without broad rule
wts_9_m	42	40	2	Idan	ldan	reviewed_tibetan_exact_initial_i_l_family	tibetan_initial_i_cleanup_20260621	Exact Google-corroborated initial-I/l-family OCR damage; impossible Tibetan initial form normalized without broad rule
wts_9_m	45	11	3	Ita	lta	reviewed_tibetan_exact_initial_i_l_family	tibetan_initial_i_cleanup_20260621	Exact Google-corroborated initial-I/l-family OCR damage; impossible Tibetan initial form normalized without broad rule
wts_9_m	47	26	3	Ita	lta	reviewed_tibetan_exact_initial_i_l_family	tibetan_initial_i_cleanup_20260621	Exact Google-corroborated initial-I/l-family OCR damage; impossible Tibetan initial form normalized without broad rule
wts_9_m	49	60	3	Ihun	lhun	reviewed_tibetan_exact_initial_i_l_family	tibetan_initial_i_cleanup_20260621	Exact Google-corroborated initial-I/l-family OCR damage; impossible Tibetan initial form normalized without broad rule
wts_9_m	49	69	9	Ita	lta	reviewed_tibetan_exact_initial_i_l_family	tibetan_initial_i_cleanup_20260621	Exact Google-corroborated initial-I/l-family OCR damage; impossible Tibetan initial form normalized without broad rule
wts_9_m	50	38	3	Ihun	lhun	reviewed_tibetan_exact_initial_i_l_family	tibetan_initial_i_cleanup_20260621	Exact Google-corroborated initial-I/l-family OCR damage; impossible Tibetan initial form normalized without broad rule
wts_9_m	50	51	4	Iha	lha	reviewed_tibetan_exact_initial_i_l_family	tibetan_initial_i_cleanup_20260621	Exact Google-corroborated initial-I/l-family OCR damage; impossible Tibetan initial form normalized without broad rule
wts_9_m	52	57	4	Zabs	źabs	reviewed_tibetan_exact_google_tibetan_candidate	tibetan_google_candidate_cleanup_20260621	Exact Google-supported Tibetan candidate adopted after local context review; Google gates unchanged
wts_9_m	52	57	6	Ihun	lhun	reviewed_tibetan_exact_initial_i_l_family	tibetan_initial_i_cleanup_20260621	Exact Google-corroborated initial-I/l-family OCR damage; impossible Tibetan initial form normalized without broad rule
wts_9_m	56	11	1	Iha	lha	reviewed_tibetan_exact_initial_i_l_family	tibetan_initial_i_cleanup_20260621	Exact Google-corroborated initial-I/l-family OCR damage; impossible Tibetan initial form normalized without broad rule
wts_9_m	56	20	6	Iha	lha	reviewed_tibetan_exact_initial_i_l_family	tibetan_initial_i_cleanup_20260621	Exact Google-corroborated initial-I/l-family OCR damage; impossible Tibetan initial form normalized without broad rule
wts_9_m	56	79	7	Iha	lha	reviewed_tibetan_exact_initial_i_l_family	tibetan_initial_i_cleanup_20260621	Exact Google-corroborated initial-I/l-family OCR damage; impossible Tibetan initial form normalized without broad rule
wts_9_m	58	22	3	Ita	lta	reviewed_tibetan_exact_initial_i_l_family	tibetan_initial_i_cleanup_20260621	Exact Google-corroborated initial-I/l-family OCR damage; impossible Tibetan initial form normalized without broad rule
wts_9_m	58	39	4	Idan	ldan	reviewed_tibetan_exact_initial_i_l_family	tibetan_initial_i_cleanup_20260621	Exact Google-corroborated initial-I/l-family OCR damage; impossible Tibetan initial form normalized without broad rule
wts_9_m	58	56	6	Ihan	lhan	reviewed_tibetan_exact_initial_i_l_family	tibetan_initial_i_cleanup_20260621	Exact Google-corroborated initial-I/l-family OCR damage; impossible Tibetan initial form normalized without broad rule
wts_9_m	59	74	5	Ita	lta	reviewed_tibetan_exact_initial_i_l_family	tibetan_initial_i_cleanup_20260621	Exact Google-corroborated initial-I/l-family OCR damage; impossible Tibetan initial form normalized without broad rule
wts_9_m	61	69	6	Ita	lta	reviewed_tibetan_exact_initial_i_l_family	tibetan_initial_i_cleanup_20260621	Exact Google-corroborated initial-I/l-family OCR damage; impossible Tibetan initial form normalized without broad rule
wts_9_m	61	82	7	Ita	lta	reviewed_tibetan_exact_initial_i_l_family	tibetan_initial_i_cleanup_20260621	Exact Google-corroborated initial-I/l-family OCR damage; impossible Tibetan initial form normalized without broad rule
wts_9_m	63	81	2	Idan	ldan	reviewed_tibetan_exact_initial_i_l_family	tibetan_initial_i_cleanup_20260621	Exact Google-corroborated initial-I/l-family OCR damage; impossible Tibetan initial form normalized without broad rule
wts_9_m	68	4	9	Ita	lta	reviewed_tibetan_exact_initial_i_l_family	tibetan_initial_i_cleanup_20260621	Exact Google-corroborated initial-I/l-family OCR damage; impossible Tibetan initial form normalized without broad rule
wts_9_m	71	8	5	Ita	lta	reviewed_tibetan_exact_initial_i_l_family	tibetan_initial_i_cleanup_20260621	Exact Google-corroborated initial-I/l-family OCR damage; impossible Tibetan initial form normalized without broad rule
wts_9_m	72	63	5	Ihar	lhar	reviewed_tibetan_exact_initial_i_l_family	tibetan_initial_i_cleanup_20260621	Exact Google-corroborated initial-I/l-family OCR damage; impossible Tibetan initial form normalized without broad rule
wts_9_m	79	51	9	Ita	lta	reviewed_tibetan_exact_initial_i_l_family	tibetan_initial_i_cleanup_20260621	Exact Google-corroborated initial-I/l-family OCR damage; impossible Tibetan initial form normalized without broad rule
wts_9_m	79	58	6	Ita	lta	reviewed_tibetan_exact_initial_i_l_family	tibetan_initial_i_cleanup_20260621	Exact Google-corroborated initial-I/l-family OCR damage; impossible Tibetan initial form normalized without broad rule
wts_9_m	79	73	2	Ihan	lhan	reviewed_tibetan_exact_initial_i_l_family	tibetan_initial_i_cleanup_20260621	Exact Google-corroborated initial-I/l-family OCR damage; impossible Tibetan initial form normalized without broad rule
wts_9_m	80	20	5	Ita	lta	reviewed_tibetan_exact_initial_i_l_family	tibetan_initial_i_cleanup_20260621	Exact Google-corroborated initial-I/l-family OCR damage; impossible Tibetan initial form normalized without broad rule
wts_9_m	82	4	5	Iha	lha	reviewed_tibetan_exact_initial_i_l_family	tibetan_initial_i_cleanup_20260621	Exact Google-corroborated initial-I/l-family OCR damage; impossible Tibetan initial form normalized without broad rule
wts_9_m	87	2	8	Iha	lha	reviewed_tibetan_exact_initial_i_l_family	tibetan_initial_i_cleanup_20260621	Exact Google-corroborated initial-I/l-family OCR damage; impossible Tibetan initial form normalized without broad rule
wts_9_m	87	5	5	Iha-khan	lha-khan	reviewed_tibetan_exact_initial_i_l_family	tibetan_initial_i_cleanup_20260621	Exact Google-corroborated initial-I/l-family OCR damage; impossible Tibetan initial form normalized without broad rule
wts_9_m	98	25	2	Iha	lha	reviewed_tibetan_exact_initial_i_l_family	tibetan_initial_i_cleanup_20260621	Exact Google-corroborated initial-I/l-family OCR damage; impossible Tibetan initial form normalized without broad rule
wts_9_m	104	6	9	Ina	lṅa	reviewed_tibetan_exact_initial_i_l_family	tibetan_initial_i_cleanup_20260621	Exact Google-corroborated initial-I/l-family OCR damage; impossible Tibetan initial form normalized without broad rule
wts_9_m	104	69	3	Ina	lṅa	reviewed_tibetan_exact_initial_i_l_family	tibetan_initial_i_cleanup_20260621	Exact Google-corroborated initial-I/l-family OCR damage; impossible Tibetan initial form normalized without broad rule
wts_9_m	105	41	4	Ita	lta	reviewed_tibetan_exact_initial_i_l_family	tibetan_initial_i_cleanup_20260621	Exact Google-corroborated initial-I/l-family OCR damage; impossible Tibetan initial form normalized without broad rule
wts_9_m	109	2	3	Ihun	lhun	reviewed_tibetan_exact_initial_i_l_family	tibetan_initial_i_cleanup_20260621	Exact Google-corroborated initial-I/l-family OCR damage; impossible Tibetan initial form normalized without broad rule
wts_9_m	109	25	3	Ihun	lhun	reviewed_tibetan_exact_initial_i_l_family	tibetan_initial_i_cleanup_20260621	Exact Google-corroborated initial-I/l-family OCR damage; impossible Tibetan initial form normalized without broad rule
wts_9_m	109	27	6	Ihun	lhun	reviewed_tibetan_exact_initial_i_l_family	tibetan_initial_i_cleanup_20260621	Exact Google-corroborated initial-I/l-family OCR damage; impossible Tibetan initial form normalized without broad rule
wts_9_m	113	69	6	Idan	ldan	reviewed_tibetan_exact_initial_i_l_family	tibetan_initial_i_cleanup_20260621	Exact Google-corroborated initial-I/l-family OCR damage; impossible Tibetan initial form normalized without broad rule
wts_9_m	119	80	5	Iha	lha	reviewed_tibetan_exact_initial_i_l_family	tibetan_initial_i_cleanup_20260621	Exact Google-corroborated initial-I/l-family OCR damage; impossible Tibetan initial form normalized without broad rule
wts_9_m	120	19	7	Iha	lha	reviewed_tibetan_exact_initial_i_l_family	tibetan_initial_i_cleanup_20260621	Exact Google-corroborated initial-I/l-family OCR damage; impossible Tibetan initial form normalized without broad rule
wts_9_m	121	16	2	Ina	lṅa	reviewed_tibetan_exact_initial_i_l_family	tibetan_initial_i_cleanup_20260621	Exact Google-corroborated initial-I/l-family OCR damage; impossible Tibetan initial form normalized without broad rule
wts_9_m	121	77	4	Ita	lta	reviewed_tibetan_exact_initial_i_l_family	tibetan_initial_i_cleanup_20260621	Exact Google-corroborated initial-I/l-family OCR damage; impossible Tibetan initial form normalized without broad rule
wts_9_m	123	15	5	Iha	lha	reviewed_tibetan_exact_initial_i_l_family	tibetan_initial_i_cleanup_20260621	Exact Google-corroborated initial-I/l-family OCR damage; impossible Tibetan initial form normalized without broad rule
wts_9_m	123	58	5	Iha	lha	reviewed_tibetan_exact_initial_i_l_family	tibetan_initial_i_cleanup_20260621	Exact Google-corroborated initial-I/l-family OCR damage; impossible Tibetan initial form normalized without broad rule
wts_9_m	125	27	4	Iha-bon	lha-bon	reviewed_tibetan_exact_initial_i_l_family	tibetan_initial_i_cleanup_20260621	Exact Google-corroborated initial-I/l-family OCR damage; impossible Tibetan initial form normalized without broad rule
wts_9_m	125	69	6	Iha	lha	reviewed_tibetan_exact_initial_i_l_family	tibetan_initial_i_cleanup_20260621	Exact Google-corroborated initial-I/l-family OCR damage; impossible Tibetan initial form normalized without broad rule
wts_9_m	125	72	4	pho-Iha-pa	pho-lha-pa	reviewed_tibetan_exact_initial_i_l_family	tibetan_initial_i_cleanup_20260621	Exact Google-corroborated initial-I/l-family OCR damage; impossible Tibetan initial form normalized without broad rule
wts_9_m	126	36	10	Iha	lha	reviewed_tibetan_exact_initial_i_l_family	tibetan_initial_i_cleanup_20260621	Exact Google-corroborated initial-I/l-family OCR damage; impossible Tibetan initial form normalized without broad rule
wts_9_m	126	43	1	Iha	lha	reviewed_tibetan_exact_initial_i_l_family	tibetan_initial_i_cleanup_20260621	Exact Google-corroborated initial-I/l-family OCR damage; impossible Tibetan initial form normalized without broad rule
wts_9_m	130	38	9	Ita	lta	reviewed_tibetan_exact_initial_i_l_family	tibetan_initial_i_cleanup_20260621	Exact Google-corroborated initial-I/l-family OCR damage; impossible Tibetan initial form normalized without broad rule
wts_9_m	131	31	1	Iha	lha	reviewed_tibetan_exact_initial_i_l_family	tibetan_initial_i_cleanup_20260621	Exact Google-corroborated initial-I/l-family OCR damage; impossible Tibetan initial form normalized without broad rule
wts_9_m	131	61	1	Ita	lta	reviewed_tibetan_exact_initial_i_l_family	tibetan_initial_i_cleanup_20260621	Exact Google-corroborated initial-I/l-family OCR damage; impossible Tibetan initial form normalized without broad rule
wts_9_m	133	60	1	Ita	lta	reviewed_tibetan_exact_initial_i_l_family	tibetan_initial_i_cleanup_20260621	Exact Google-corroborated initial-I/l-family OCR damage; impossible Tibetan initial form normalized without broad rule
wts_9_m	133	77	6	Iha	lha	reviewed_tibetan_exact_initial_i_l_family	tibetan_initial_i_cleanup_20260621	Exact Google-corroborated initial-I/l-family OCR damage; impossible Tibetan initial form normalized without broad rule
wts_9_m	135	17	5	Idan	ldan	reviewed_tibetan_exact_initial_i_l_family	tibetan_initial_i_cleanup_20260621	Exact Google-corroborated initial-I/l-family OCR damage; impossible Tibetan initial form normalized without broad rule
wts_9_m	135	90	9	Iha	lha	reviewed_tibetan_exact_initial_i_l_family	tibetan_initial_i_cleanup_20260621	Exact Google-corroborated initial-I/l-family OCR damage; impossible Tibetan initial form normalized without broad rule
wts_9_m	136	14	4	bźeńs	bźeṅs	reviewed_tibetan_exact_residual_ng	tibetan_residual_ng_cleanup_20260621	Exact residual Tibetan final/nasal damage reviewed in local Tibetan context; no broad ń-to-ṅ rule
wts_9_m	137	5	4	Iha	lha	reviewed_tibetan_exact_initial_i_l_family	tibetan_initial_i_cleanup_20260621	Exact Google-corroborated initial-I/l-family OCR damage; impossible Tibetan initial form normalized without broad rule
wts_9_m	138	13	8	Iha	lha	reviewed_tibetan_exact_initial_i_l_family	tibetan_initial_i_cleanup_20260621	Exact Google-corroborated initial-I/l-family OCR damage; impossible Tibetan initial form normalized without broad rule
wts_9_m	138	34	4	Iha'i	lha'i	reviewed_tibetan_exact_initial_i_l_family	tibetan_initial_i_cleanup_20260621	Exact Google-corroborated initial-I/l-family OCR damage; impossible Tibetan initial form normalized without broad rule
wts_9_m	141	19	3	Iha	lha	reviewed_tibetan_exact_initial_i_l_family	tibetan_initial_i_cleanup_20260621	Exact Google-corroborated initial-I/l-family OCR damage; impossible Tibetan initial form normalized without broad rule
wts_9_m	141	29	5	Iha	lha	reviewed_tibetan_exact_initial_i_l_family	tibetan_initial_i_cleanup_20260621	Exact Google-corroborated initial-I/l-family OCR damage; impossible Tibetan initial form normalized without broad rule
wts_9_m	141	63	2	Iha	lha	reviewed_tibetan_exact_initial_i_l_family	tibetan_initial_i_cleanup_20260621	Exact Google-corroborated initial-I/l-family OCR damage; impossible Tibetan initial form normalized without broad rule
wts_9_m	143	77	7	Ina	lṅa	reviewed_tibetan_exact_initial_i_l_family	tibetan_initial_i_cleanup_20260621	Exact Google-corroborated initial-I/l-family OCR damage; impossible Tibetan initial form normalized without broad rule
wts_9_m	145	67	6	Ita	lta	reviewed_tibetan_exact_initial_i_l_family	tibetan_initial_i_cleanup_20260621	Exact Google-corroborated initial-I/l-family OCR damage; impossible Tibetan initial form normalized without broad rule
wts_9_m	146	56	4	Ita	lta	reviewed_tibetan_exact_initial_i_l_family	tibetan_initial_i_cleanup_20260621	Exact Google-corroborated initial-I/l-family OCR damage; impossible Tibetan initial form normalized without broad rule
wts_9_m	146	58	5	Ita	lta	reviewed_tibetan_exact_initial_i_l_family	tibetan_initial_i_cleanup_20260621	Exact Google-corroborated initial-I/l-family OCR damage; impossible Tibetan initial form normalized without broad rule
wts_9_m	146	73	3	Ihun	lhun	reviewed_tibetan_exact_initial_i_l_family	tibetan_initial_i_cleanup_20260621	Exact Google-corroborated initial-I/l-family OCR damage; impossible Tibetan initial form normalized without broad rule
wts_9_m	146	85	3	Ita	lta	reviewed_tibetan_exact_initial_i_l_family	tibetan_initial_i_cleanup_20260621	Exact Google-corroborated initial-I/l-family OCR damage; impossible Tibetan initial form normalized without broad rule
wts_9_m	154	4	6	Ita	lta	reviewed_tibetan_exact_initial_i_l_family	tibetan_initial_i_cleanup_20260621	Exact Google-corroborated initial-I/l-family OCR damage; impossible Tibetan initial form normalized without broad rule
wts_9_m	156	44	7	Ita	lta	reviewed_tibetan_exact_initial_i_l_family	tibetan_initial_i_cleanup_20260621	Exact Google-corroborated initial-I/l-family OCR damage; impossible Tibetan initial form normalized without broad rule
wts_9_m	160	24	4	Ita	lta	reviewed_tibetan_exact_initial_i_l_family	tibetan_initial_i_cleanup_20260621	Exact Google-corroborated initial-I/l-family OCR damage; impossible Tibetan initial form normalized without broad rule
wts_9_m	160	27	2	Ita	lta	reviewed_tibetan_exact_initial_i_l_family	tibetan_initial_i_cleanup_20260621	Exact Google-corroborated initial-I/l-family OCR damage; impossible Tibetan initial form normalized without broad rule
wts_9_m	160	33	9	Ita	lta	reviewed_tibetan_exact_initial_i_l_family	tibetan_initial_i_cleanup_20260621	Exact Google-corroborated initial-I/l-family OCR damage; impossible Tibetan initial form normalized without broad rule
wts_9_m	160	35	2	Ita	lta	reviewed_tibetan_exact_initial_i_l_family	tibetan_initial_i_cleanup_20260621	Exact Google-corroborated initial-I/l-family OCR damage; impossible Tibetan initial form normalized without broad rule
wts_9_m	160	54	3	Ita	lta	reviewed_tibetan_exact_initial_i_l_family	tibetan_initial_i_cleanup_20260621	Exact Google-corroborated initial-I/l-family OCR damage; impossible Tibetan initial form normalized without broad rule
wts_9_m	165	10	6	Idan	ldan	reviewed_tibetan_exact_initial_i_l_family	tibetan_initial_i_cleanup_20260621	Exact Google-corroborated initial-I/l-family OCR damage; impossible Tibetan initial form normalized without broad rule
wts_9_m	166	3	3	Ita	lta	reviewed_tibetan_exact_initial_i_l_family	tibetan_initial_i_cleanup_20260621	Exact Google-corroborated initial-I/l-family OCR damage; impossible Tibetan initial form normalized without broad rule
wts_9_m	166	7	1	Idan	ldan	reviewed_tibetan_exact_initial_i_l_family	tibetan_initial_i_cleanup_20260621	Exact Google-corroborated initial-I/l-family OCR damage; impossible Tibetan initial form normalized without broad rule
wts_9_m	167	56	6	Iha	lha	reviewed_tibetan_exact_initial_i_l_family	tibetan_initial_i_cleanup_20260621	Exact Google-corroborated initial-I/l-family OCR damage; impossible Tibetan initial form normalized without broad rule
wts_9_m	168	16	2	Ihan	lhan	reviewed_tibetan_exact_initial_i_l_family	tibetan_initial_i_cleanup_20260621	Exact Google-corroborated initial-I/l-family OCR damage; impossible Tibetan initial form normalized without broad rule
wts_9_m	168	37	4	Ita	lta	reviewed_tibetan_exact_initial_i_l_family	tibetan_initial_i_cleanup_20260621	Exact Google-corroborated initial-I/l-family OCR damage; impossible Tibetan initial form normalized without broad rule
wts_9_m	171	63	6	gźuń	gźuṅ	reviewed_tibetan_exact_residual_ng	tibetan_residual_ng_cleanup_20260621	Exact residual Tibetan final/nasal damage reviewed in local Tibetan context; no broad ń-to-ṅ rule
wts_9_m	171	72	8	Iha	lha	reviewed_tibetan_exact_initial_i_l_family	tibetan_initial_i_cleanup_20260621	Exact Google-corroborated initial-I/l-family OCR damage; impossible Tibetan initial form normalized without broad rule
wts_9_m	173	12	8	Ihan	lhan	reviewed_tibetan_exact_initial_i_l_family	tibetan_initial_i_cleanup_20260621	Exact Google-corroborated initial-I/l-family OCR damage; impossible Tibetan initial form normalized without broad rule
wts_9_m	173	34	5	Iha	lha	reviewed_tibetan_exact_initial_i_l_family	tibetan_initial_i_cleanup_20260621	Exact Google-corroborated initial-I/l-family OCR damage; impossible Tibetan initial form normalized without broad rule
wts_9_m	176	53	8	Idan	ldan	reviewed_tibetan_exact_initial_i_l_family	tibetan_initial_i_cleanup_20260621	Exact Google-corroborated initial-I/l-family OCR damage; impossible Tibetan initial form normalized without broad rule
wts_9_m	176	54	7	Ita	lta	reviewed_tibetan_exact_initial_i_l_family	tibetan_initial_i_cleanup_20260621	Exact Google-corroborated initial-I/l-family OCR damage; impossible Tibetan initial form normalized without broad rule
wts_9_m	178	8	4	Ita	lta	reviewed_tibetan_exact_initial_i_l_family	tibetan_initial_i_cleanup_20260621	Exact Google-corroborated initial-I/l-family OCR damage; impossible Tibetan initial form normalized without broad rule
wts_9_m	181	29	6	Iha	lha	reviewed_tibetan_exact_initial_i_l_family	tibetan_initial_i_cleanup_20260621	Exact Google-corroborated initial-I/l-family OCR damage; impossible Tibetan initial form normalized without broad rule
wts_9_m	183	39	6	Ita	lta	reviewed_tibetan_exact_initial_i_l_family	tibetan_initial_i_cleanup_20260621	Exact Google-corroborated initial-I/l-family OCR damage; impossible Tibetan initial form normalized without broad rule
wts_9_m	183	39	9	Ita	lta	reviewed_tibetan_exact_initial_i_l_family	tibetan_initial_i_cleanup_20260621	Exact Google-corroborated initial-I/l-family OCR damage; impossible Tibetan initial form normalized without broad rule
wts_9_m	185	53	5	Ita	lta	reviewed_tibetan_exact_initial_i_l_family	tibetan_initial_i_cleanup_20260621	Exact Google-corroborated initial-I/l-family OCR damage; impossible Tibetan initial form normalized without broad rule
wts_9_m	186	68	7	phyuń	phyuṅ	reviewed_tibetan_exact_residual_ng	tibetan_residual_ng_cleanup_20260621	Exact residual Tibetan final/nasal damage reviewed in local Tibetan context; no broad ń-to-ṅ rule
wts_9_m	187	18	5	Ita	lta	reviewed_tibetan_exact_initial_i_l_family	tibetan_initial_i_cleanup_20260621	Exact Google-corroborated initial-I/l-family OCR damage; impossible Tibetan initial form normalized without broad rule
wts_9_m	187	26	3	Ita	lta	reviewed_tibetan_exact_initial_i_l_family	tibetan_initial_i_cleanup_20260621	Exact Google-corroborated initial-I/l-family OCR damage; impossible Tibetan initial form normalized without broad rule
wts_9_m	187	28	8	Ita	lta	reviewed_tibetan_exact_initial_i_l_family	tibetan_initial_i_cleanup_20260621	Exact Google-corroborated initial-I/l-family OCR damage; impossible Tibetan initial form normalized without broad rule
wts_9_m	187	40	10	Ita	lta	reviewed_tibetan_exact_initial_i_l_family	tibetan_initial_i_cleanup_20260621	Exact Google-corroborated initial-I/l-family OCR damage; impossible Tibetan initial form normalized without broad rule
wts_9_m	187	54	2	Ihas	lhas	reviewed_tibetan_exact_initial_i_l_family	tibetan_initial_i_cleanup_20260621	Exact Google-corroborated initial-I/l-family OCR damage; impossible Tibetan initial form normalized without broad rule
wts_9_m	187	73	6	Idan	ldan	reviewed_tibetan_exact_initial_i_l_family	tibetan_initial_i_cleanup_20260621	Exact Google-corroborated initial-I/l-family OCR damage; impossible Tibetan initial form normalized without broad rule
wts_9_m	190	64	6	Ina	lṅa	reviewed_tibetan_exact_initial_i_l_family	tibetan_initial_i_cleanup_20260621	Exact Google-corroborated initial-I/l-family OCR damage; impossible Tibetan initial form normalized without broad rule
wts_9_m	194	73	3	Ina	lṅa	reviewed_tibetan_exact_initial_i_l_family	tibetan_initial_i_cleanup_20260621	Exact Google-corroborated initial-I/l-family OCR damage; impossible Tibetan initial form normalized without broad rule
wts_9_m	195	49	2	Iha	lha	reviewed_tibetan_exact_initial_i_l_family	tibetan_initial_i_cleanup_20260621	Exact Google-corroborated initial-I/l-family OCR damage; impossible Tibetan initial form normalized without broad rule
wts_9_m	196	60	8	Ita	lta	reviewed_tibetan_exact_initial_i_l_family	tibetan_initial_i_cleanup_20260621	Exact Google-corroborated initial-I/l-family OCR damage; impossible Tibetan initial form normalized without broad rule
wts_9_m	197	4	3	Ita	lta	reviewed_tibetan_exact_initial_i_l_family	tibetan_initial_i_cleanup_20260621	Exact Google-corroborated initial-I/l-family OCR damage; impossible Tibetan initial form normalized without broad rule
wts_9_m	198	14	2	bźngs	bźugs	reviewed_tibetan_exact_google_tibetan_candidate	tibetan_google_candidate_cleanup_20260621	Exact Google-supported Tibetan candidate adopted after local context review; Google gates unchanged
wts_9_m	198	27	7	Zes	źes	reviewed_tibetan_exact_google_tibetan_candidate	tibetan_google_candidate_cleanup_20260621	Exact Google-supported Tibetan candidate adopted after local context review; Google gates unchanged
wts_9_m	198	28	8	Zes	źes	reviewed_tibetan_exact_google_tibetan_candidate	tibetan_google_candidate_cleanup_20260621	Exact Google-supported Tibetan candidate adopted after local context review; Google gates unchanged
wts_9_m	200	37	4	Ina	lṅa	reviewed_tibetan_exact_initial_i_l_family	tibetan_initial_i_cleanup_20260621	Exact Google-corroborated initial-I/l-family OCR damage; impossible Tibetan initial form normalized without broad rule
wts_9_m	200	64	1	Iha'i	lha'i	reviewed_tibetan_exact_initial_i_l_family	tibetan_initial_i_cleanup_20260621	Exact Google-corroborated initial-I/l-family OCR damage; impossible Tibetan initial form normalized without broad rule
wts_9_m	203	39	5	Ita	lta	reviewed_tibetan_exact_initial_i_l_family	tibetan_initial_i_cleanup_20260621	Exact Google-corroborated initial-I/l-family OCR damage; impossible Tibetan initial form normalized without broad rule
wts_9_m	205	31	5	źiń	źiṅ	reviewed_tibetan_exact_residual_ng	tibetan_residual_ng_cleanup_20260621	Exact residual Tibetan final/nasal damage reviewed in local Tibetan context; no broad ń-to-ṅ rule
wts_9_m	211	5	2	Ita	lta	reviewed_tibetan_exact_initial_i_l_family	tibetan_initial_i_cleanup_20260621	Exact Google-corroborated initial-I/l-family OCR damage; impossible Tibetan initial form normalized without broad rule
wts_9_m	211	35	7	Zig	źig	reviewed_tibetan_exact_google_tibetan_candidate	tibetan_google_candidate_cleanup_20260621	Exact Google-supported Tibetan candidate adopted after local context review; Google gates unchanged
wts_9_m	211	70	8	Ihag	lhag	reviewed_tibetan_exact_initial_i_l_family	tibetan_initial_i_cleanup_20260621	Exact Google-corroborated initial-I/l-family OCR damage; impossible Tibetan initial form normalized without broad rule
wts_9_m	211	85	5	Iha	lha	reviewed_tibetan_exact_initial_i_l_family	tibetan_initial_i_cleanup_20260621	Exact Google-corroborated initial-I/l-family OCR damage; impossible Tibetan initial form normalized without broad rule
wts_9_m	212	4	1	Ita	lta	reviewed_tibetan_exact_initial_i_l_family	tibetan_initial_i_cleanup_20260621	Exact Google-corroborated initial-I/l-family OCR damage; impossible Tibetan initial form normalized without broad rule
wts_9_m	214	71	2	Ita	lta	reviewed_tibetan_exact_initial_i_l_family	tibetan_initial_i_cleanup_20260621	Exact Google-corroborated initial-I/l-family OCR damage; impossible Tibetan initial form normalized without broad rule
wts_9_m	218	26	1	Iha-mdzes	lha-mdzes	reviewed_tibetan_exact_initial_i_l_family	tibetan_initial_i_cleanup_20260621	Exact Google-corroborated initial-I/l-family OCR damage; impossible Tibetan initial form normalized without broad rule
wts_9_m	221	82	2	Iha'i	lha'i	reviewed_tibetan_exact_initial_i_l_family	tibetan_initial_i_cleanup_20260621	Exact Google-corroborated initial-I/l-family OCR damage; impossible Tibetan initial form normalized without broad rule
wts_9_m	223	36	7	Iha'i	lha'i	reviewed_tibetan_exact_initial_i_l_family	tibetan_initial_i_cleanup_20260621	Exact Google-corroborated initial-I/l-family OCR damage; impossible Tibetan initial form normalized without broad rule
wts_9_m	223	61	4	Ina	lṅa	reviewed_tibetan_exact_initial_i_l_family	tibetan_initial_i_cleanup_20260621	Exact Google-corroborated initial-I/l-family OCR damage; impossible Tibetan initial form normalized without broad rule
wts_9_m	223	61	10	Ita	lta	reviewed_tibetan_exact_initial_i_l_family	tibetan_initial_i_cleanup_20260621	Exact Google-corroborated initial-I/l-family OCR damage; impossible Tibetan initial form normalized without broad rule
wts_9_m	224	28	4	Idan	ldan	reviewed_tibetan_exact_initial_i_l_family	tibetan_initial_i_cleanup_20260621	Exact Google-corroborated initial-I/l-family OCR damage; impossible Tibetan initial form normalized without broad rule
wts_9_m	227	13	5	Ita	lta	reviewed_tibetan_exact_initial_i_l_family	tibetan_initial_i_cleanup_20260621	Exact Google-corroborated initial-I/l-family OCR damage; impossible Tibetan initial form normalized without broad rule
wts_9_m	227	48	3	Iha	lha	reviewed_tibetan_exact_initial_i_l_family	tibetan_initial_i_cleanup_20260621	Exact Google-corroborated initial-I/l-family OCR damage; impossible Tibetan initial form normalized without broad rule
wts_9_m	229	56	5	Zin	źiṅ	reviewed_tibetan_exact_google_tibetan_candidate	tibetan_google_candidate_cleanup_20260621	Exact Google-supported Tibetan candidate adopted after local context review; Google gates unchanged
wts_9_m	232	44	7	kyan	kyaṅ	reviewed_tibetan_exact_google_tibetan_candidate	tibetan_google_candidate_cleanup_20260621	Exact Google-supported Tibetan candidate adopted after local context review; Google gates unchanged
wts_9_m	232	44	8	run	ruṅ	reviewed_tibetan_exact_google_tibetan_candidate	tibetan_google_candidate_cleanup_20260621	Exact Google-supported Tibetan candidate adopted after local context review; Google gates unchanged
wts_9_m	232	51	1	Ses	śes	reviewed_tibetan_exact_google_tibetan_candidate	tibetan_google_candidate_cleanup_20260621	Exact Google-supported Tibetan candidate adopted after local context review; Google gates unchanged
wts_9_m	232	65	1	Zib	źib	reviewed_tibetan_exact_google_tibetan_candidate	tibetan_google_candidate_cleanup_20260621	Exact Google-supported Tibetan candidate adopted after local context review; Google gates unchanged
wts_9_m	232	65	3	Zu	źu	reviewed_tibetan_exact_google_tibetan_candidate	tibetan_google_candidate_cleanup_20260621	Exact Google-supported Tibetan candidate adopted after local context review; Google gates unchanged
wts_9_m	232	65	9	Zes	źes	reviewed_tibetan_exact_google_tibetan_candidate	tibetan_google_candidate_cleanup_20260621	Exact Google-supported Tibetan candidate adopted after local context review; Google gates unchanged
wts_9_m	233	20	1	$es	śes	reviewed_tibetan_exact_google_tibetan_candidate	tibetan_google_candidate_cleanup_20260621	Exact Google-supported Tibetan candidate adopted after local context review; Google gates unchanged
wts_9_m	233	38	9	$es	śes	reviewed_tibetan_exact_google_tibetan_candidate	tibetan_google_candidate_cleanup_20260621	Exact Google-supported Tibetan candidate adopted after local context review; Google gates unchanged
wts_9_m	233	46	5	Zum	źum	reviewed_tibetan_exact_google_tibetan_candidate	tibetan_google_candidate_cleanup_20260621	Exact Google-supported Tibetan candidate adopted after local context review; Google gates unchanged
wts_9_m	233	74	6	spran	spraṅ	reviewed_tibetan_exact_google_tibetan_candidate	tibetan_google_candidate_cleanup_20260621	Exact Google-supported Tibetan candidate adopted after local context review; Google gates unchanged
wts_9_m	234	83	8	Ita	lta	reviewed_tibetan_exact_initial_i_l_family	tibetan_initial_i_cleanup_20260621	Exact Google-corroborated initial-I/l-family OCR damage; impossible Tibetan initial form normalized without broad rule
wts_9_m	237	64	4	Ita	lta	reviewed_tibetan_exact_initial_i_l_family	tibetan_initial_i_cleanup_20260621	Exact Google-corroborated initial-I/l-family OCR damage; impossible Tibetan initial form normalized without broad rule
wts_9_m	240	10	3	Iha	lha	reviewed_tibetan_exact_initial_i_l_family	tibetan_initial_i_cleanup_20260621	Exact Google-corroborated initial-I/l-family OCR damage; impossible Tibetan initial form normalized without broad rule
wts_9_m	240	15	5	Iha	lha	reviewed_tibetan_exact_initial_i_l_family	tibetan_initial_i_cleanup_20260621	Exact Google-corroborated initial-I/l-family OCR damage; impossible Tibetan initial form normalized without broad rule
wts_9_m	242	8	9	Iha	lha	reviewed_tibetan_exact_initial_i_l_family	tibetan_initial_i_cleanup_20260621	Exact Google-corroborated initial-I/l-family OCR damage; impossible Tibetan initial form normalized without broad rule
wts_9_m	242	19	6	Iha	lha	reviewed_tibetan_exact_initial_i_l_family	tibetan_initial_i_cleanup_20260621	Exact Google-corroborated initial-I/l-family OCR damage; impossible Tibetan initial form normalized without broad rule
wts_9_m	245	44	6	Ina	lṅa	reviewed_tibetan_exact_initial_i_l_family	tibetan_initial_i_cleanup_20260621	Exact Google-corroborated initial-I/l-family OCR damage; impossible Tibetan initial form normalized without broad rule
wts_9_m	251	2	3	Ita	lta	reviewed_tibetan_exact_initial_i_l_family	tibetan_initial_i_cleanup_20260621	Exact Google-corroborated initial-I/l-family OCR damage; impossible Tibetan initial form normalized without broad rule
wts_9_m	252	46	3	Ita	lta	reviewed_tibetan_exact_initial_i_l_family	tibetan_initial_i_cleanup_20260621	Exact Google-corroborated initial-I/l-family OCR damage; impossible Tibetan initial form normalized without broad rule
wts_9_m	254	49	4	Iho	lho	reviewed_tibetan_exact_initial_i_l_family	tibetan_initial_i_cleanup_20260621	Exact Google-corroborated initial-I/l-family OCR damage; impossible Tibetan initial form normalized without broad rule
wts_9_m	257	15	10	Ita	lta	reviewed_tibetan_exact_initial_i_l_family	tibetan_initial_i_cleanup_20260621	Exact Google-corroborated initial-I/l-family OCR damage; impossible Tibetan initial form normalized without broad rule
wts_9_m	257	37	1	Iha	lha	reviewed_tibetan_exact_initial_i_l_family	tibetan_initial_i_cleanup_20260621	Exact Google-corroborated initial-I/l-family OCR damage; impossible Tibetan initial form normalized without broad rule
wts_9_m	257	62	8	Iho'i	lho'i	reviewed_tibetan_exact_initial_i_l_family	tibetan_initial_i_cleanup_20260621	Exact Google-corroborated initial-I/l-family OCR damage; impossible Tibetan initial form normalized without broad rule
wts_9_m	257	88	10	Ita	lta	reviewed_tibetan_exact_initial_i_l_family	tibetan_initial_i_cleanup_20260621	Exact Google-corroborated initial-I/l-family OCR damage; impossible Tibetan initial form normalized without broad rule
wts_9_m	261	36	8	Ita	lta	reviewed_tibetan_exact_initial_i_l_family	tibetan_initial_i_cleanup_20260621	Exact Google-corroborated initial-I/l-family OCR damage; impossible Tibetan initial form normalized without broad rule
wts_9_m	262	75	3	Ita	lta	reviewed_tibetan_exact_initial_i_l_family	tibetan_initial_i_cleanup_20260621	Exact Google-corroborated initial-I/l-family OCR damage; impossible Tibetan initial form normalized without broad rule
wts_9_m	264	72	2	Idan	ldan	reviewed_tibetan_exact_initial_i_l_family	tibetan_initial_i_cleanup_20260621	Exact Google-corroborated initial-I/l-family OCR damage; impossible Tibetan initial form normalized without broad rule
wts_9_m	264	80	3	Ita	lta	reviewed_tibetan_exact_initial_i_l_family	tibetan_initial_i_cleanup_20260621	Exact Google-corroborated initial-I/l-family OCR damage; impossible Tibetan initial form normalized without broad rule
wts_9_m	265	70	11	Ita	lta	reviewed_tibetan_exact_initial_i_l_family	tibetan_initial_i_cleanup_20260621	Exact Google-corroborated initial-I/l-family OCR damage; impossible Tibetan initial form normalized without broad rule
wts_9_m	268	55	9	Ina	lṅa	reviewed_tibetan_exact_initial_i_l_family	tibetan_initial_i_cleanup_20260621	Exact Google-corroborated initial-I/l-family OCR damage; impossible Tibetan initial form normalized without broad rule
wts_9_m	268	77	8	Ina	lṅa	reviewed_tibetan_exact_initial_i_l_family	tibetan_initial_i_cleanup_20260621	Exact Google-corroborated initial-I/l-family OCR damage; impossible Tibetan initial form normalized without broad rule
wts_9_m	268	81	10	Ina	lṅa	reviewed_tibetan_exact_initial_i_l_family	tibetan_initial_i_cleanup_20260621	Exact Google-corroborated initial-I/l-family OCR damage; impossible Tibetan initial form normalized without broad rule
wts_9_m	268	91	3	Ina	lṅa	reviewed_tibetan_exact_initial_i_l_family	tibetan_initial_i_cleanup_20260621	Exact Google-corroborated initial-I/l-family OCR damage; impossible Tibetan initial form normalized without broad rule
wts_9_m	271	73	4	Ita	lta	reviewed_tibetan_exact_initial_i_l_family	tibetan_initial_i_cleanup_20260621	Exact Google-corroborated initial-I/l-family OCR damage; impossible Tibetan initial form normalized without broad rule
wts_9_m	272	5	5	Ita	lta	reviewed_tibetan_exact_initial_i_l_family	tibetan_initial_i_cleanup_20260621	Exact Google-corroborated initial-I/l-family OCR damage; impossible Tibetan initial form normalized without broad rule
wts_9_m	272	16	9	Ita	lta	reviewed_tibetan_exact_initial_i_l_family	tibetan_initial_i_cleanup_20260621	Exact Google-corroborated initial-I/l-family OCR damage; impossible Tibetan initial form normalized without broad rule
wts_9_m	272	18	6	Ita	lta	reviewed_tibetan_exact_initial_i_l_family	tibetan_initial_i_cleanup_20260621	Exact Google-corroborated initial-I/l-family OCR damage; impossible Tibetan initial form normalized without broad rule
wts_9_m	272	30	5	Ita	lta	reviewed_tibetan_exact_initial_i_l_family	tibetan_initial_i_cleanup_20260621	Exact Google-corroborated initial-I/l-family OCR damage; impossible Tibetan initial form normalized without broad rule
wts_9_m	272	47	4	Ita	lta	reviewed_tibetan_exact_initial_i_l_family	tibetan_initial_i_cleanup_20260621	Exact Google-corroborated initial-I/l-family OCR damage; impossible Tibetan initial form normalized without broad rule
wts_9_m	275	36	9	Ita	lta	reviewed_tibetan_exact_initial_i_l_family	tibetan_initial_i_cleanup_20260621	Exact Google-corroborated initial-I/l-family OCR damage; impossible Tibetan initial form normalized without broad rule
wts_9_m	275	49	7	Ita	lta	reviewed_tibetan_exact_initial_i_l_family	tibetan_initial_i_cleanup_20260621	Exact Google-corroborated initial-I/l-family OCR damage; impossible Tibetan initial form normalized without broad rule
wts_9_m	276	15	5	Iha	lha	reviewed_tibetan_exact_initial_i_l_family	tibetan_initial_i_cleanup_20260621	Exact Google-corroborated initial-I/l-family OCR damage; impossible Tibetan initial form normalized without broad rule
wts_9_m	277	79	5	Ita	lta	reviewed_tibetan_exact_initial_i_l_family	tibetan_initial_i_cleanup_20260621	Exact Google-corroborated initial-I/l-family OCR damage; impossible Tibetan initial form normalized without broad rule
wts_9_m	279	67	2	Ita	lta	reviewed_tibetan_exact_initial_i_l_family	tibetan_initial_i_cleanup_20260621	Exact Google-corroborated initial-I/l-family OCR damage; impossible Tibetan initial form normalized without broad rule
wts_9_m	281	21	5	Ita	lta	reviewed_tibetan_exact_initial_i_l_family	tibetan_initial_i_cleanup_20260621	Exact Google-corroborated initial-I/l-family OCR damage; impossible Tibetan initial form normalized without broad rule
wts_9_m	285	5	5	Khri-bzan	Khri-bzaṅ	reviewed_tibetan_exact_google_tibetan_candidate	tibetan_google_candidate_cleanup_20260621	Exact Google-supported Tibetan candidate adopted after local context review; Google gates unchanged
wts_9_m	285	29	8	Zabs	źabs	reviewed_tibetan_exact_google_tibetan_candidate	tibetan_google_candidate_cleanup_20260621	Exact Google-supported Tibetan candidate adopted after local context review; Google gates unchanged
wts_9_m	285	53	7	Zus	źus	reviewed_tibetan_exact_google_tibetan_candidate	tibetan_google_candidate_cleanup_20260621	Exact Google-supported Tibetan candidate adopted after local context review; Google gates unchanged
wts_9_m	286	50	1	Iha	lha	reviewed_tibetan_exact_initial_i_l_family	tibetan_initial_i_cleanup_20260621	Exact Google-corroborated initial-I/l-family OCR damage; impossible Tibetan initial form normalized without broad rule
wts_9_m	289	10	10	Ita	lta	reviewed_tibetan_exact_initial_i_l_family	tibetan_initial_i_cleanup_20260621	Exact Google-corroborated initial-I/l-family OCR damage; impossible Tibetan initial form normalized without broad rule
wts_9_m	289	70	3	bźeńs	bźeṅs	reviewed_tibetan_exact_residual_ng	tibetan_residual_ng_cleanup_20260621	Exact residual Tibetan final/nasal damage reviewed in local Tibetan context; no broad ń-to-ṅ rule
wts_9_m	293	66	5	Iha	lha	reviewed_tibetan_exact_initial_i_l_family	tibetan_initial_i_cleanup_20260621	Exact Google-corroborated initial-I/l-family OCR damage; impossible Tibetan initial form normalized without broad rule
wts_9_m	293	79	3	dPal-Idan	dPal-ldan	reviewed_tibetan_exact_initial_i_l_family	tibetan_initial_i_cleanup_20260621	Exact Google-corroborated initial-I/l-family OCR damage; impossible Tibetan initial form normalized without broad rule
wts_9_m	293	79	4	Iha-mo	lha-mo	reviewed_tibetan_exact_initial_i_l_family	tibetan_initial_i_cleanup_20260621	Exact Google-corroborated initial-I/l-family OCR damage; impossible Tibetan initial form normalized without broad rule
wts_9_m	294	31	6	Ita	lta	reviewed_tibetan_exact_initial_i_l_family	tibetan_initial_i_cleanup_20260621	Exact Google-corroborated initial-I/l-family OCR damage; impossible Tibetan initial form normalized without broad rule
wts_9_m	295	13	8	Ita	lta	reviewed_tibetan_exact_initial_i_l_family	tibetan_initial_i_cleanup_20260621	Exact Google-corroborated initial-I/l-family OCR damage; impossible Tibetan initial form normalized without broad rule
wts_9_m	298	42	4	Iho	lho	reviewed_tibetan_exact_initial_i_l_family	tibetan_initial_i_cleanup_20260621	Exact Google-corroborated initial-I/l-family OCR damage; impossible Tibetan initial form normalized without broad rule
wts_9_m	298	51	3	Iho	lho	reviewed_tibetan_exact_initial_i_l_family	tibetan_initial_i_cleanup_20260621	Exact Google-corroborated initial-I/l-family OCR damage; impossible Tibetan initial form normalized without broad rule
wts_9_m	304	38	3	Iha-khan	lha-khan	reviewed_tibetan_exact_initial_i_l_family	tibetan_initial_i_cleanup_20260621	Exact Google-corroborated initial-I/l-family OCR damage; impossible Tibetan initial form normalized without broad rule
wts_9_m	307	46	9	Ina	lṅa	reviewed_tibetan_exact_initial_i_l_family	tibetan_initial_i_cleanup_20260621	Exact Google-corroborated initial-I/l-family OCR damage; impossible Tibetan initial form normalized without broad rule
wts_9_m	307	52	8	Ita	lta	reviewed_tibetan_exact_initial_i_l_family	tibetan_initial_i_cleanup_20260621	Exact Google-corroborated initial-I/l-family OCR damage; impossible Tibetan initial form normalized without broad rule
wts_9_m	311	25	1	Ita	lta	reviewed_tibetan_exact_initial_i_l_family	tibetan_initial_i_cleanup_20260621	Exact Google-corroborated initial-I/l-family OCR damage; impossible Tibetan initial form normalized without broad rule
wts_9_m	311	49	4	Ihag	lhag	reviewed_tibetan_exact_initial_i_l_family	tibetan_initial_i_cleanup_20260621	Exact Google-corroborated initial-I/l-family OCR damage; impossible Tibetan initial form normalized without broad rule
wts_9_m	313	28	6	Ita	lta	reviewed_tibetan_exact_initial_i_l_family	tibetan_initial_i_cleanup_20260621	Exact Google-corroborated initial-I/l-family OCR damage; impossible Tibetan initial form normalized without broad rule
wts_9_m	313	33	8	Ita	lta	reviewed_tibetan_exact_initial_i_l_family	tibetan_initial_i_cleanup_20260621	Exact Google-corroborated initial-I/l-family OCR damage; impossible Tibetan initial form normalized without broad rule
wts_9_m	315	33	1	Ina	lṅa	reviewed_tibetan_exact_initial_i_l_family	tibetan_initial_i_cleanup_20260621	Exact Google-corroborated initial-I/l-family OCR damage; impossible Tibetan initial form normalized without broad rule
wts_9_m	315	33	5	Iho	lho	reviewed_tibetan_exact_initial_i_l_family	tibetan_initial_i_cleanup_20260621	Exact Google-corroborated initial-I/l-family OCR damage; impossible Tibetan initial form normalized without broad rule
wts_9_m	321	18	5	Ita	lta	reviewed_tibetan_exact_initial_i_l_family	tibetan_initial_i_cleanup_20260621	Exact Google-corroborated initial-I/l-family OCR damage; impossible Tibetan initial form normalized without broad rule
wts_9_m	326	4	4	Ita	lta	reviewed_tibetan_exact_initial_i_l_family	tibetan_initial_i_cleanup_20260621	Exact Google-corroborated initial-I/l-family OCR damage; impossible Tibetan initial form normalized without broad rule
wts_9_m	326	52	5	Iha	lha	reviewed_tibetan_exact_initial_i_l_family	tibetan_initial_i_cleanup_20260621	Exact Google-corroborated initial-I/l-family OCR damage; impossible Tibetan initial form normalized without broad rule
wts_9_m	326	70	9	Ita	lta	reviewed_tibetan_exact_initial_i_l_family	tibetan_initial_i_cleanup_20260621	Exact Google-corroborated initial-I/l-family OCR damage; impossible Tibetan initial form normalized without broad rule
wts_9_m	327	18	9	Iha	lha	reviewed_tibetan_exact_initial_i_l_family	tibetan_initial_i_cleanup_20260621	Exact Google-corroborated initial-I/l-family OCR damage; impossible Tibetan initial form normalized without broad rule
wts_9_m	334	5	6	Ina	lṅa	reviewed_tibetan_exact_initial_i_l_family	tibetan_initial_i_cleanup_20260621	Exact Google-corroborated initial-I/l-family OCR damage; impossible Tibetan initial form normalized without broad rule
wts_9_m	337	82	5	Zig	źig	reviewed_tibetan_exact_google_tibetan_candidate	tibetan_google_candidate_cleanup_20260621	Exact Google-supported Tibetan candidate adopted after local context review; Google gates unchanged
wts_9_m	338	24	9	Ita	lta	reviewed_tibetan_exact_initial_i_l_family	tibetan_initial_i_cleanup_20260621	Exact Google-corroborated initial-I/l-family OCR damage; impossible Tibetan initial form normalized without broad rule
wts_9_m	339	55	2	Ita	lta	reviewed_tibetan_exact_initial_i_l_family	tibetan_initial_i_cleanup_20260621	Exact Google-corroborated initial-I/l-family OCR damage; impossible Tibetan initial form normalized without broad rule
wts_9_m	339	68	7	Ita	lta	reviewed_tibetan_exact_initial_i_l_family	tibetan_initial_i_cleanup_20260621	Exact Google-corroborated initial-I/l-family OCR damage; impossible Tibetan initial form normalized without broad rule
wts_9_m	345	84	6	Ita	lta	reviewed_tibetan_exact_initial_i_l_family	tibetan_initial_i_cleanup_20260621	Exact Google-corroborated initial-I/l-family OCR damage; impossible Tibetan initial form normalized without broad rule
wts_9_m	350	21	5	Ita	lta	reviewed_tibetan_exact_initial_i_l_family	tibetan_initial_i_cleanup_20260621	Exact Google-corroborated initial-I/l-family OCR damage; impossible Tibetan initial form normalized without broad rule
wts_9_m	352	30	4	Iha	lha	reviewed_tibetan_exact_initial_i_l_family	tibetan_initial_i_cleanup_20260621	Exact Google-corroborated initial-I/l-family OCR damage; impossible Tibetan initial form normalized without broad rule
wts_9_m	353	14	4	Ita	lta	reviewed_tibetan_exact_initial_i_l_family	tibetan_initial_i_cleanup_20260621	Exact Google-corroborated initial-I/l-family OCR damage; impossible Tibetan initial form normalized without broad rule
wts_9_m	354	4	4	nań	naṅ	reviewed_tibetan_exact_residual_ng	tibetan_residual_ng_cleanup_20260621	Exact residual Tibetan final/nasal damage reviewed in local Tibetan context; no broad ń-to-ṅ rule
wts_9_m	355	5	6	Ita	lta	reviewed_tibetan_exact_initial_i_l_family	tibetan_initial_i_cleanup_20260621	Exact Google-corroborated initial-I/l-family OCR damage; impossible Tibetan initial form normalized without broad rule
wts_9_m	355	14	9	Ina	lṅa	reviewed_tibetan_exact_initial_i_l_family	tibetan_initial_i_cleanup_20260621	Exact Google-corroborated initial-I/l-family OCR damage; impossible Tibetan initial form normalized without broad rule
wts_9_m	356	51	6	Ina	lṅa	reviewed_tibetan_exact_initial_i_l_family	tibetan_initial_i_cleanup_20260621	Exact Google-corroborated initial-I/l-family OCR damage; impossible Tibetan initial form normalized without broad rule
wts_9_m	357	36	6	Ita	lta	reviewed_tibetan_exact_initial_i_l_family	tibetan_initial_i_cleanup_20260621	Exact Google-corroborated initial-I/l-family OCR damage; impossible Tibetan initial form normalized without broad rule
wts_9_m	357	78	6	Iha	lha	reviewed_tibetan_exact_initial_i_l_family	tibetan_initial_i_cleanup_20260621	Exact Google-corroborated initial-I/l-family OCR damage; impossible Tibetan initial form normalized without broad rule
wts_9_m	362	4	6	Ita	lta	reviewed_tibetan_exact_initial_i_l_family	tibetan_initial_i_cleanup_20260621	Exact Google-corroborated initial-I/l-family OCR damage; impossible Tibetan initial form normalized without broad rule
wts_9_m	362	19	3	Ina	lṅa	reviewed_tibetan_exact_initial_i_l_family	tibetan_initial_i_cleanup_20260621	Exact Google-corroborated initial-I/l-family OCR damage; impossible Tibetan initial form normalized without broad rule
wts_9_m	362	38	5	Idan	ldan	reviewed_tibetan_exact_initial_i_l_family	tibetan_initial_i_cleanup_20260621	Exact Google-corroborated initial-I/l-family OCR damage; impossible Tibetan initial form normalized without broad rule
wts_9_m	362	38	7	Zig	źig	reviewed_tibetan_exact_google_tibetan_candidate	tibetan_google_candidate_cleanup_20260621	Exact Google-supported Tibetan candidate adopted after local context review; Google gates unchanged
wts_9_m	362	53	7	Zin	źiṅ	reviewed_tibetan_exact_google_tibetan_candidate	tibetan_google_candidate_cleanup_20260621	Exact Google-supported Tibetan candidate adopted after local context review; Google gates unchanged
wts_9_m	362	53	8	gtsari	gtsaṅ	reviewed_tibetan_exact_google_tibetan_candidate	tibetan_google_candidate_cleanup_20260621	Exact Google-supported Tibetan candidate adopted after local context review; Google gates unchanged
wts_9_m	364	35	1	Iha	lha	reviewed_tibetan_exact_initial_i_l_family	tibetan_initial_i_cleanup_20260621	Exact Google-corroborated initial-I/l-family OCR damage; impossible Tibetan initial form normalized without broad rule
wts_9_m	364	72	2	Ihan	lhan	reviewed_tibetan_exact_initial_i_l_family	tibetan_initial_i_cleanup_20260621	Exact Google-corroborated initial-I/l-family OCR damage; impossible Tibetan initial form normalized without broad rule
wts_9_m	369	16	5	Ita	lta	reviewed_tibetan_exact_initial_i_l_family	tibetan_initial_i_cleanup_20260621	Exact Google-corroborated initial-I/l-family OCR damage; impossible Tibetan initial form normalized without broad rule
wts_9_m	369	61	8	Ita	lta	reviewed_tibetan_exact_initial_i_l_family	tibetan_initial_i_cleanup_20260621	Exact Google-corroborated initial-I/l-family OCR damage; impossible Tibetan initial form normalized without broad rule
wts_9_m	370	61	9	Ita	lta	reviewed_tibetan_exact_initial_i_l_family	tibetan_initial_i_cleanup_20260621	Exact Google-corroborated initial-I/l-family OCR damage; impossible Tibetan initial form normalized without broad rule
wts_9_m	371	83	8	Ita	lta	reviewed_tibetan_exact_initial_i_l_family	tibetan_initial_i_cleanup_20260621	Exact Google-corroborated initial-I/l-family OCR damage; impossible Tibetan initial form normalized without broad rule
wts_9_m	379	12	6	Ita	lta	reviewed_tibetan_exact_initial_i_l_family	tibetan_initial_i_cleanup_20260621	Exact Google-corroborated initial-I/l-family OCR damage; impossible Tibetan initial form normalized without broad rule
wts_9_m	379	52	3	Iha	lha	reviewed_tibetan_exact_initial_i_l_family	tibetan_initial_i_cleanup_20260621	Exact Google-corroborated initial-I/l-family OCR damage; impossible Tibetan initial form normalized without broad rule
wts_9_m	380	16	4	Iha	lha	reviewed_tibetan_exact_initial_i_l_family	tibetan_initial_i_cleanup_20260621	Exact Google-corroborated initial-I/l-family OCR damage; impossible Tibetan initial form normalized without broad rule
wts_9_m	381	6	2	Iha	lha	reviewed_tibetan_exact_initial_i_l_family	tibetan_initial_i_cleanup_20260621	Exact Google-corroborated initial-I/l-family OCR damage; impossible Tibetan initial form normalized without broad rule
wts_9_m	382	78	8	Ita	lta	reviewed_tibetan_exact_initial_i_l_family	tibetan_initial_i_cleanup_20260621	Exact Google-corroborated initial-I/l-family OCR damage; impossible Tibetan initial form normalized without broad rule
wts_9_m	382	88	8	Ita	lta	reviewed_tibetan_exact_initial_i_l_family	tibetan_initial_i_cleanup_20260621	Exact Google-corroborated initial-I/l-family OCR damage; impossible Tibetan initial form normalized without broad rule
wts_9_m	382	92	5	Ita	lta	reviewed_tibetan_exact_initial_i_l_family	tibetan_initial_i_cleanup_20260621	Exact Google-corroborated initial-I/l-family OCR damage; impossible Tibetan initial form normalized without broad rule
wts_9_m	383	5	4	Ita	lta	reviewed_tibetan_exact_initial_i_l_family	tibetan_initial_i_cleanup_20260621	Exact Google-corroborated initial-I/l-family OCR damage; impossible Tibetan initial form normalized without broad rule
wts_9_m	388	62	7	Ita	lta	reviewed_tibetan_exact_initial_i_l_family	tibetan_initial_i_cleanup_20260621	Exact Google-corroborated initial-I/l-family OCR damage; impossible Tibetan initial form normalized without broad rule
wts_9_m	389	15	4	Ita	lta	reviewed_tibetan_exact_initial_i_l_family	tibetan_initial_i_cleanup_20260621	Exact Google-corroborated initial-I/l-family OCR damage; impossible Tibetan initial form normalized without broad rule
wts_9_m	391	62	10	Idan	ldan	reviewed_tibetan_exact_initial_i_l_family	tibetan_initial_i_cleanup_20260621	Exact Google-corroborated initial-I/l-family OCR damage; impossible Tibetan initial form normalized without broad rule
wts_9_m	391	85	5	Iha	lha	reviewed_tibetan_exact_initial_i_l_family	tibetan_initial_i_cleanup_20260621	Exact Google-corroborated initial-I/l-family OCR damage; impossible Tibetan initial form normalized without broad rule
wts_9_m	391	95	5	Ihan	lhan	reviewed_tibetan_exact_initial_i_l_family	tibetan_initial_i_cleanup_20260621	Exact Google-corroborated initial-I/l-family OCR damage; impossible Tibetan initial form normalized without broad rule
wts_9_m	392	6	7	Ihan	lhan	reviewed_tibetan_exact_initial_i_l_family	tibetan_initial_i_cleanup_20260621	Exact Google-corroborated initial-I/l-family OCR damage; impossible Tibetan initial form normalized without broad rule
wts_9_m	392	7	6	Ihan	lhan	reviewed_tibetan_exact_initial_i_l_family	tibetan_initial_i_cleanup_20260621	Exact Google-corroborated initial-I/l-family OCR damage; impossible Tibetan initial form normalized without broad rule
wts_9_m	392	19	6	sñiń	sñiṅ	reviewed_tibetan_exact_residual_ng	tibetan_residual_ng_cleanup_20260621	Exact residual Tibetan final/nasal damage reviewed in local Tibetan context; no broad ń-to-ṅ rule
wts_9_m	392	62	6	Ita	lta	reviewed_tibetan_exact_initial_i_l_family	tibetan_initial_i_cleanup_20260621	Exact Google-corroborated initial-I/l-family OCR damage; impossible Tibetan initial form normalized without broad rule
wts_9_m	398	11	6	Ihod	lhod	reviewed_tibetan_exact_initial_i_l_family	tibetan_initial_i_cleanup_20260621	Exact Google-corroborated initial-I/l-family OCR damage; impossible Tibetan initial form normalized without broad rule
wts_9_m	398	81	7	Ita	lta	reviewed_tibetan_exact_initial_i_l_family	tibetan_initial_i_cleanup_20260621	Exact Google-corroborated initial-I/l-family OCR damage; impossible Tibetan initial form normalized without broad rule
wts_9_m	400	64	9	Ita	lta	reviewed_tibetan_exact_initial_i_l_family	tibetan_initial_i_cleanup_20260621	Exact Google-corroborated initial-I/l-family OCR damage; impossible Tibetan initial form normalized without broad rule
wts_9_m	229	70	7	rkani	rkaṅ	reviewed_tibetan_exact_residual_context_google	tibetan_residual_context_cleanup_20260622	Exact Google-corroborated residual Tibetan reading reviewed in full local context; no broad character rule
wts_9_m	229	87	7	rkani	rkaṅ	reviewed_tibetan_exact_residual_context_google	tibetan_residual_context_cleanup_20260622	Exact Google-corroborated residual Tibetan reading reviewed in full local context; no broad character rule
wts_9_m	229	87	9	rria	rṅa	reviewed_tibetan_exact_residual_context_google	tibetan_residual_context_cleanup_20260622	Exact Google-corroborated residual Tibetan reading reviewed in full local context; no broad character rule
wts_9_m	232	21	6	zani	zaṅ	reviewed_tibetan_exact_residual_context_google	tibetan_residual_context_cleanup_20260622	Exact Google-corroborated residual Tibetan reading reviewed in full local context; no broad character rule
wts_9_m	233	69	6	sriar	sṅar	reviewed_tibetan_exact_residual_context_google	tibetan_residual_context_cleanup_20260622	Exact Google-corroborated residual Tibetan reading reviewed in full local context; no broad character rule
wts_9_m	233	69	7	gi	gyi	reviewed_tibetan_exact_residual_context_google	tibetan_residual_context_cleanup_20260622	Exact Google-corroborated residual Tibetan reading reviewed in full local context; no broad character rule
wts_9_m	233	69	8	Nlams	ñams	reviewed_tibetan_exact_residual_context_google	tibetan_residual_context_cleanup_20260622	Exact Google-corroborated residual Tibetan reading reviewed in full local context; no broad character rule
wts_9_m	285	67	1	gtsani	gtsaṅ	reviewed_tibetan_exact_residual_context_google	tibetan_residual_context_cleanup_20260622	Exact Google-corroborated residual Tibetan reading reviewed in full local context; no broad character rule
wts_9_m	285	67	3	nina	mña	reviewed_tibetan_exact_residual_context_google	tibetan_residual_context_cleanup_20260622	Exact Google-corroborated residual Tibetan reading reviewed in full local context; no broad character rule
wts_9_m	362	53	1	giun	gźun	reviewed_tibetan_exact_residual_context_google	tibetan_residual_context_cleanup_20260622	Exact Google-corroborated residual Tibetan reading reviewed in full local context; no broad character rule
wts_8_b	57	43	1	gañńs	gaṅs	reviewed_tibetan_exact_ambitious_residual_context	tibetan_ambitious_residual_cleanup_20260622	Exact residual Tibetan reading reviewed in local context; no broad nasal repair rule
wts_8_b	94	7	3	khuñń	khuṅ	reviewed_tibetan_exact_ambitious_residual_context	tibetan_ambitious_residual_cleanup_20260622	Exact residual Tibetan reading reviewed in local context; no broad nasal repair rule
wts_8_b	229	12	1	Itar	ltar	reviewed_tibetan_exact_ambitious_residual_context	tibetan_ambitious_residual_cleanup_20260622	Exact residual Tibetan reading reviewed in local context; no broad initial-I/l rule
wts_8_b	229	12	2	byuñń	byuṅ	reviewed_tibetan_exact_ambitious_residual_context	tibetan_ambitious_residual_cleanup_20260622	Exact residual Tibetan reading reviewed in local context; no broad nasal repair rule
wts_8_b	247	16	11	bźiń	bźiṅ	reviewed_tibetan_exact_ambitious_residual_context	tibetan_ambitious_residual_cleanup_20260622	Exact residual Tibetan reading reviewed in local context; no broad nasal repair rule
wts_8_b	324	47	7	khruñńs	khruṅs	reviewed_tibetan_exact_ambitious_residual_context	tibetan_ambitious_residual_cleanup_20260622	Exact residual Tibetan reading reviewed in local context; no broad nasal repair rule
wts_8_b	340	61	1	gsañń	gsaṅ	reviewed_tibetan_exact_ambitious_residual_context	tibetan_ambitious_residual_cleanup_20260622	Exact residual Tibetan reading reviewed in local context; no broad nasal repair rule
wts_8_b	370	31	2	bañńs	baṅs	reviewed_tibetan_exact_ambitious_residual_context	tibetan_ambitious_residual_cleanup_20260622	Exact residual Tibetan reading reviewed in local context; no broad nasal repair rule
wts_9_m	52	67	4	biens	bźens	reviewed_tibetan_exact_ambitious_residual_context	tibetan_ambitious_residual_cleanup_20260622	Exact Google-corroborated residual Tibetan reading reviewed in full local context; no broad character rule
wts_9_m	198	32	6	graris	graṅs	reviewed_tibetan_exact_ambitious_residual_context	tibetan_ambitious_residual_cleanup_20260622	Exact Google-corroborated residual Tibetan reading reviewed in lexicon context; no broad character rule
wts_9_m	198	32	8	gi	gyi	reviewed_tibetan_exact_ambitious_residual_context	tibetan_ambitious_residual_cleanup_20260622	Exact Google-corroborated residual Tibetan reading reviewed in lexicon context; no broad gi/gyi rule
wts_9_m	232	51	4	Ses	śes	reviewed_tibetan_exact_ambitious_residual_context	tibetan_ambitious_residual_cleanup_20260622	Exact Google-corroborated residual Tibetan reading reviewed in local context; no broad S/ś rule
wts_9_m	233	20	2	tab	rab	reviewed_tibetan_exact_ambitious_residual_context	tibetan_ambitious_residual_cleanup_20260622	Exact Google-corroborated residual Tibetan reading reviewed in śes-rab context; no broad t/r rule
wts_9_m	233	35	5	dan	daṅ	reviewed_tibetan_exact_ambitious_residual_context	tibetan_ambitious_residual_cleanup_20260622	Exact Google-corroborated residual Tibetan reading reviewed in dṅos context; no broad dan/daṅ rule
wts_9_m	233	35	6	drios	dṅos	reviewed_tibetan_exact_ambitious_residual_context	tibetan_ambitious_residual_cleanup_20260622	Exact Google-corroborated residual Tibetan reading reviewed in dṅos context; no broad character rule
wts_9_m	233	74	5	yal	yul	reviewed_tibetan_exact_ambitious_residual_context	tibetan_ambitious_residual_cleanup_20260622	Exact Google-corroborated residual Tibetan reading reviewed in yul/spraṅ context; no broad a/u rule
wts_9_m	285	53	4	dpur	dpun	reviewed_tibetan_exact_ambitious_residual_context	tibetan_ambitious_residual_cleanup_20260622	Exact Google-corroborated residual Tibetan reading reviewed in dpun-rgyab context; no broad r/n rule
wts_9_m	318	32	1	dari	daṅ	reviewed_tibetan_exact_ambitious_residual_context	tibetan_ambitious_residual_cleanup_20260622	Exact residual Tibetan reading reviewed in local context; no broad character rule
wts_9_m	318	32	5	la'añń	la'aṅ	reviewed_tibetan_exact_ambitious_residual_context	tibetan_ambitious_residual_cleanup_20260622	Exact residual Tibetan reading reviewed in local context; no broad nasal repair rule
wts_9_m	343	34	2	Zin	źiṅ	reviewed_tibetan_exact_ambitious_residual_context	tibetan_ambitious_residual_cleanup_20260622	Exact residual Tibetan lexicon-context cleanup; no broad Z/ź or n/ṅ rule
wts_9_m	343	34	3	saam	sa'am	reviewed_tibetan_exact_ambitious_residual_context	tibetan_ambitious_residual_cleanup_20260622	Exact residual Tibetan lexicon-context cleanup; no broad apostrophe rule
wts_9_m	343	34	5	Zin	źiṅ	reviewed_tibetan_exact_ambitious_residual_context	tibetan_ambitious_residual_cleanup_20260622	Exact residual Tibetan lexicon-context cleanup; no broad Z/ź or n/ṅ rule
wts_9_m	343	34	7	źinń	źiṅ	reviewed_tibetan_exact_ambitious_residual_context	tibetan_ambitious_residual_cleanup_20260622	Exact residual Tibetan lexicon-context cleanup; no broad nasal repair rule
